Workbook

Sheet Hoja_de_Control
B2: Casos de Prueba
B5: HOJA DE CONTROL
B8: Organismo
B9: Proyecto | C9: Sistema de Gestión Documental y Flujos de Aprobación (Capstone)
B10: Entregable | C10: Plan de Pruebas de Sistema, Integración y Seguridad
B11: Autor
B12: Versión / Edición | E12: Fecha Versión
B13: Aprobado Por | E13: Fecha Aprobación
E14: Nº Total de Páginas
B16: REGISTRO DE CAMBIOS | P16: SI
B18: Versión | C18: Causa del cambio | D18: Responsable del cambio | F18: Fecha del cambio
B19: 0.1 | C19: Primera versión con la estructura base | D19: Eduardo Kusar | F19: 46277
B20: 0.2 | C20: Sincronización de casos de prueba E2E de Sprint 1 (Autenticación, Sesiones y Gestión de Usuarios) ya automatizados | D20: Eduardo Kusar | F20: 13/09/26
B21: 0.3 | C21: Sprint 1: Incorporación de 10 pruebas manuales en sprint 1 | D21: Nicolas Vidal | F21: 15/09/26
B22: 0.4 | C22: Sprint 1: Incorporación de todas las pruebas manuales; 7 pruebas ya automatizadas | D22: Nicolas Vidal | F22: 24/09/26
B23: 1.0 | C23: Sprint 1: Todas las pruebas automatizadas | D23: Nicolas Vidal | F23: 28/09/26
B24: 2.0 | C24: Sprint 2: casos de prueba alineados con la suite automatizada, matriz de trazabilidad y resumen de cobertura. Estado "Por probar" hasta la próxima ejecución. | D24: Eduardo Kusar | F24: 46310
B26: CONTROL DE DISTRIBUCIÓN
B28: Nombre y Apellidos
B29: Eduardo Kusar
B30: Kevin Soto
B31: Nicolas Vidal

Sheet casos prueba sprint 1
B2: ID HU | C2: ID CA | D2: ID Caso Prueba | E2: Historia de Usuario | F2: Criterio de Aceptacion | G2: Descripcion | H2: Tipo prueba | I2: Estado | J2: Criticidad | K2: Automatizado | L2: Evidencia: Fotos | M2: Evidencia: Automatismo
B3: US-01 | C3: CA 01.1 | D3: CP-AUTH-01 | E3: US-01 Iniciar Sesion | F3: • CA 01.1: nombre de usuario solo en formato correos | G3: Login rechaza nombre de usuario sin formato de correo Precondición: Usuario en la pantalla de inicio de sesión, sin sesión iniciada. Acción: Intenta ingresar con un nombre de usuario que no tiene formato de correo. Resultado esperado: La página permanece en Keycloak, aparece el mensaje de credenciales inválidas y no se crea la cookie de sesión. | H3: Seguridad | I3: OK | J3: Critica | K3: Si
B4: US-01 | C4: CA 01.2 | D4: CP-AUTH-02 | E4: US-01 Iniciar Sesion | F4: • CA 01.2: si credenciales son invalidas, mostrar un mensaje: “credenciales invalidas, intentelo denuevo“ | G4: Mensaje específico ante credenciales inválidas en el login Precondición: Usuario en la pantalla de inicio de sesión, sin sesión iniciada. Acción: Ingresa un correo válido de revisor con una clave incorrecta. Resultado esperado: Aparece el mensaje de error de credenciales inválidas definido en el login. | H4: Seguridad | I4: OK | J4: Critica | K4: Si
B5: US-01 | C5: CA 01.3 | D5: CP-AUTH-03 | E5: US-01 Iniciar Sesion | F5: • CA 01.3: si fallo el inicio 4 veces seguidas, se bloquea el nombre de usuario por 30 minutos. | G5: Bloqueo tras 4 intentos fallidos de inicio de sesión con mensaje en pantalla Precondición: Usuario temporal creado en Keycloak con una clave conocida, eliminado al terminar la prueba. Acción: Se realizan tres intentos de inicio de sesión con clave errónea, un cuarto intento fallido y luego un intento con la clave correcta. Resultado esperado: Los tres primeros intentos muestran el mensaje de credenciales inválidas. El intento con la clave correcta muestra el mensaje de cuenta deshabilitada, el mismo texto que se usa para el bloqueo temporal. | H5: Seguridad | I5: OK | J5: Critica | K5: Si
B6: US-01 | C6: CA 01.4 | D6: CP-AUTH-04 | E6: US-01 Iniciar Sesion | F6: • CA 01.4: al ingresar correctamente, el usuario debe acceder a la plataforma | G6: Inicio de sesión exitoso con auditoría de login y acceso al Dashboard Precondición: Cuenta de administrador del sistema activa. Acción: Inicia sesión con sus credenciales válidas. Resultado esperado: El usuario llega al Dashboard con la marca MasterBase en la URL correspondiente y el registro de auditoría de inicio de sesión responde 201. | H6: Sistema | I6: OK | J6: Critica | K6: Si
B7: US-02 | C7: CA 02.1 CA 02.2 | D7: CP-AUTH-05 | E7: US-02 Cerrar Sesion | F7: • CA 02.1: Al seleccionar “Cerrar Sesion”, el sistema debe finalizar la sesión activa. • CA 02.2: El usuario debe ser redirigido a la pantalla de inicio de sesión. | G7: Cierre de sesión con auditoría y bloqueo de URLs protegidas posteriores Precondición: Administrador con sesión iniciada en el Dashboard. Acción: Cierra sesión y luego intenta abrir la página de inicio y la de gestión de usuarios. Resultado esperado: Vuelve a la pantalla de login de Keycloak, el registro de auditoría de cierre de sesión responde 201 y ambas URLs protegidas redirigen nuevamente al login. | H7: Seguridad | I7: OK | J7: Critica | K7: Si
B8: US-02 | C8: CA 02.3 | D8: CP-AUTH-06 | E8: US-02 Cerrar Sesion | F8: • CA 02.3: Una vez cerrada la sesión, no se debe permitir acceder nuevamente a las funcionalidades del sistema sin iniciar sesión. | G8: Sin sesión, las URLs protegidas redirigen al login sin errores Precondición: Usuario sin sesión iniciada. Acción: Intenta abrir, una por una, 17 URLs protegidas del sistema (inicio, solicitudes, configuración, revisión, entre otras). Resultado esperado: Cada URL redirige a la pantalla de login de Keycloak y no se produce ningún error de página no controlado. | H8: Seguridad | I8: OK | J8: Critica | K8: Si
B9: US-02 | C9: CA 02.4 | D9: CP-AUTH-07 | E9: US-02 Cerrar Sesion | F9: • CA 02.4: El sistema debe registrar el cierre de sesión en el historial de actividades. | G9: Cierre de sesión registra evento de auditoría LOGOUT Precondición: Colaborador de Operaciones con sesión iniciada. Acción: Cierra sesión desde el menú de usuario. Resultado esperado: Se vuelve a la pantalla de Keycloak y la auditoría registra un evento LOGOUT para ese colaborador, posterior al inicio de la prueba. | H9: Integracion | I9: OK | J9: Alta | K9: Si
B10: US-03 | C10: CA 03.1 | D10: CP-USER-01 | E10: US-03 Gestionar usuarios | F10: • CA 03.1: se debe poder agregar un usuario usando un correo válido | G10: Admin crea un usuario que puede iniciar sesión Precondición: Administrador con sesión iniciada en Gestión de usuarios y un correo nuevo sin registrar. Acción: El administrador crea un usuario desde la interfaz con correo válido y contraseña. Luego cierra sesión e inicia sesión con esas credenciales. Resultado esperado: El usuario aparece en la tabla como Activo y puede ingresar al sistema y llegar al inicio. | H10: Sistema | I10: OK | J10: Alta | K10: Si
B11: US-03 | C11: CA 03.2 | D11: CP-USER-02 | E11: US-03 Gestionar usuarios | F11: • CA 03.2: se debe poder cambiar la información permitida de un usuario | G11: Admin modifica nombre, apellido y contraseña de un usuario Precondición: Usuario creado previamente por API y administrador con sesión iniciada en Gestión de usuarios. Acción: El administrador edita el nombre, el apellido y la contraseña del usuario desde la interfaz. Luego el usuario inicia sesión con la nueva contraseña. Resultado esperado: Se muestra el mensaje de éxito, la tabla muestra el nombre y apellido actualizados y el acceso funciona con la nueva contraseña. | H11: Sistema | I11: OK | J11: Alta | K11: Si
B12: US-03 | C12: CA 03.3 | D12: CP-USER-03 | E12: US-03 Gestionar usuarios | F12: • CA 03.3: se debe poder desactivar un usuario sin borrar su historial | G12: Usuario desactivado conserva historial y no puede iniciar sesión Precondición: Usuario creado por API con una solicitud sembrada a su nombre y administrador con sesión iniciada. Acción: El administrador desactiva al usuario desde la interfaz. Luego el usuario intenta iniciar sesión con sus credenciales. Resultado esperado: La fila muestra Inactivo, la solicitud sigue consultable por API (200) con el mismo emisor y su evento de creación sigue en auditoría. El inicio de sesión muestra el mensaje de cuenta deshabilitada y no permite ingresar. | H12: Seguridad | I12: OK | J12: Critica | K12: Si
B13: US-03 | C13: CA 03.4 | D13: CP-USER-04 | E13: US-03 Gestionar usuarios | F13: • CA 03.4: no se deben permitir dos usuarios con el mismo correo | G13: No se permiten dos usuarios con el mismo correo Precondición: Usuario existente creado por API y administrador con sesión iniciada en Gestión de usuarios. Acción: El administrador intenta crear un usuario nuevo con el correo de ese usuario existente. Resultado esperado: El formulario sigue abierto y muestra un error que indica que el correo ya existe. La API de usuarios lista una sola cuenta con ese correo. | H13: Sistema | I13: OK | J13: Media | K13: Si
B14: US-03 | C14: CA 03.5 | D14: CP-USER-05 | E14: US-03 Gestionar usuarios | F14: • CA 03.5: solo los administradores deben poder gestionar usuarios | G14: Solo administradores gestionan usuarios (revisor sin acceso en UI y API) Precondición: Revisor de Finanzas que no es administrador, con sesión iniciada. Acción: El revisor revisa el menú lateral, intenta abrir por URL la gestión de usuarios y consulta la lista de usuarios por API. Resultado esperado: El menú no muestra el enlace a usuarios. La página muestra «acceso no disponible» y la API responde 403 con el código RBAC_ACCION_DENEGADA. | H14: Seguridad | I14: OK | J14: Critica | K14: Si
... B66: US-05 | C66: — (complementaria) | D66: CP-REV-08 | E66: US-05 Ver revisiones pendiente (Revisor) | F66: Prueba complementaria: no está etiquetada con un criterio de aceptación oficial. | G66: Filtro de revisiones pendientes por emisor y limpieza de filtros Precondición: Solicitud sembrada de un colaborador de Finanzas y revisor de Finanzas con sesión iniciada. Acción: El revisor abre los filtros y escribe el correo del emisor, luego un correo inexistente y por último usa el botón Limpiar filtros. Resultado esperado: Con el correo del emisor la solicitud aparece. Con un correo sin solicitudes pendientes se muestra el estado vacío. Al usar Limpiar filtros la solicitud vuelve a aparecer. | H66: Sistema | I66: OK | J66: Media | K66: Si

Sheet casos prueba sprint 2
B2: ID HU | C2: ID CA | D2: ID Caso Prueba | E2: Historia de Usuario | F2: Criterio de Aceptacion | G2: Descripcion | H2: Tipo prueba | I2: Estado | J2: Criticidad | K2: Automatizado | L2: Evidencia: Fotos | M2: Evidencia: Automatismo
B3: US-13 | C3: CA 01.1 | D3: CP-RUT-01 | E3: US-13 Asignar un RUT al crear usuario | F3: • CA 01.1: al momento de crear un usuario, se debe agregar un rut asociado a la nueva cuenta | G3: Crear usuario con RUT válido guarda el RUT ingresado Precondición: Administrador autenticado en Gestión de usuarios. Acción: Crea un usuario nuevo con un RUT válido generado y luego consulta la lista de usuarios por API. Resultado esperado: La API responde 200 y el usuario creado aparece con el mismo RUT que se ingresó. | H3: Integracion | I3: Por probar | J3: Alta | K3: Si | M3: tests/e2e/src/specs/auth/rut-validation.spec.ts:91
B4: US-13 | C4: CA 01.2 CA 01.5 | D4: CP-RUT-02 | E4: US-13 Asignar un RUT al crear usuario | F4: • CA 01.2: el campo de rut se debe autoformatear a medida que se ingresan los numeros del rut (formato NN.NNN.NNN-N, donde N es un numero o la letra “K”) • CA 01.5: no debe estar permitido ingresar espacios vacios | G4: Autoformato del RUT: espacios se eliminan y el formato queda 12.345.678-5 Precondición: Administrador autenticado con el formulario de nuevo usuario abierto. Acción: Escribe “12 345” y luego “12345 678-5” en el campo RUT, y cancela el formulario. Resultado esperado: El campo muestra el RUT ya formateado como “12.345” y “12.345.678-5”, sin espacios. | H4: Sistema | I4: Por probar | J4: Media | K4: Si | M4: tests/e2e/src/specs/auth/rut-validation.spec.ts:36
B5: US-13 | C5: CA 01.3 | D5: CP-RUT-03 | E5: US-13 Asignar un RUT al crear usuario | F5: • CA 01.3: si se ingresa una “k” minuscula, se debe mostrar en pantalla como “K” mayuscula con el autoformato | G5: Una “k” minúscula se muestra como “K” mayúscula con autoformato Precondición: Administrador autenticado con el formulario de nuevo usuario abierto. Acción: Escribe “12345678k” en el campo RUT. Resultado esperado: El campo muestra el RUT con autoformato y la letra en mayúscula: “12.345.678-K”. | H5: Sistema | I5: Por probar | J5: Media | K5: Si | M5: tests/e2e/src/specs/auth/rut-validation.spec.ts:52
B6: US-13 | C6: CA 01.4 | D6: CP-RUT-04 | E6: US-13 Asignar un RUT al crear usuario | F6: • CA 01.4: no debe estar permitido ingresar caracteres diferentes a numeros, la letra “k” o “K” | G6: Caracteres no permitidos en el RUT se descartan Precondición: Administrador autenticado con el formulario de nuevo usuario abierto. Acción: Escribe “12a.b@345” en el campo RUT. Resultado esperado: Las letras y símbolos se descartan y el campo muestra “12.345”. | H6: Sistema | I6: Por probar | J6: Media | K6: Si | M6: tests/e2e/src/specs/auth/rut-validation.spec.ts:65
B7: US-13 | C7: CA 01.6 | D7: CP-RUT-05 | E7: US-13 Asignar un RUT al crear usuario | F7: • CA 01.6: no debe estar permitido ingresar caracteres “de mas” | G7: Doce dígitos seguidos: el RUT se corta en el largo máximo 12.345.678-9 Precondición: Administrador autenticado con el formulario de nuevo usuario abierto. Acción: Escribe doce dígitos seguidos (123456789012) en el campo RUT. Resultado esperado: El campo no admite caracteres de más y muestra “12.345.678-9”. | H7: Sistema | I7: Por probar | J7: Media | K7: Si | M7: tests/e2e/src/specs/auth/rut-validation.spec.ts:78
B8: US-13 | C8: CA 01.7 CA 01.8 CA 01.9 CA 01.10 | D8: CP-RUT-06 | E8: US-13 Asignar un RUT al crear usuario | F8: • CA 01.7: casos en donde no se permite crear una cuenta: • CA 01.8: rut ingresado no es válido (verificacion por digito verificador) • CA 01.9: rut ingresado está duplicado • CA 01.10: si hay algunos de los errores anteriores, mostrar en pantalla un mensaje de error explicativo según sea el caso | G8: Mensaje de error exacto según caso: RUT obligatorio, DV inválido y RUT duplicado Precondición: Administrador con el formulario de nuevo usuario abierto y datos básicos completos, sin RUT. Acción: Intenta crear el usuario con RUT vacío, luego con un dígito verificador inválido y finalmente con el RUT de un colaborador ya registrado. Resultado esperado: En cada caso aparece el mensaje de error explicativo correspondiente (RUT obligatorio, dígito verificador inválido, RUT ya registrado) y el formulario sigue abierto. | H8: Sistema | I8: Por probar | J8: Media | K8: Si | M8: tests/e2e/src/specs/auth/rut-validation.spec.ts:112
B9: US-14 | C9: CA 02.1 CA 02.2 | D9: CP-ORG-01 | E9: US-14 Gestionar areas corporativas | F9: • CA 02.1: se debe poder crear una nueva área con un nombre • CA 02.2: se debe poder cambiar la información de un área existente | G9: Admin crea y edita un área, con persistencia tras recargar Precondición: Administrador autenticado en la plataforma. Acción: Crea un área con nombre y descripción, recarga y la busca. Luego edita su nombre y descripción, recarga y busca el nombre anterior. Resultado esperado: El área aparece una sola vez tras crearla y recargar. Tras editarla, aparece con el nombre y la descripción nuevos, y el nombre anterior ya no encuentra resultados. | H9: Sistema | I9: Por probar | J9: Alta | K9: Si | M9: tests/e2e/src/specs/org/corporate-areas.spec.ts:15
B10: US-14 | C10: CA 02.3 | D10: CP-ORG-02 | E10: US-14 Gestionar areas corporativas | F10: • CA 02.3: se debe poder desactivar un área que ya no se utilice | G10: Desactivar un área la marca Inactivo y la quita de los selectores Precondición: Área creada por API y administrador autenticado. Acción: El administrador desactiva el área. Luego abre el formulario de alta de usuario y el de creación de flujo para revisar su selector de área. Resultado esperado: La fila del área muestra el estado Inactivo. Los selectores de área de usuario y de flujo ofrecen Finanzas, pero no el área desactivada. | H10: Sistema | I10: Por probar | J10: Alta | K10: Si | M10: tests/e2e/src/specs/org/corporate-areas.spec.ts:59
B11: US-14 | C11: CA 02.4 | D11: CP-ORG-03 | E11: US-14 Gestionar areas corporativas | F11: • CA 02.4: no se deben permitir dos áreas con el mismo nombre | G11: Nombres de área duplicados rechazados en UI y API Precondición: Existe un área con un nombre de prueba y otra área distinta disponible para renombrar. Acción: El administrador intenta crear en la interfaz un área con el mismo nombre; luego la API recibe ese nombre en cuatro variantes (minúsculas, sin tilde, mayúsculas, con espacios) y un renombrado a ese nombre. Resultado esperado: Se verifica que la interfaz muestra el mensaje de nombre duplicado y deja el formulario abierto hasta cancelarlo, y que cada intento por API responde 409 AREA_NOMBRE_DUPLICADO. | H11: Integracion | I11: Por probar | J11: Media | K11: Si | M11: tests/e2e/src/specs/org/area-audit-and-names.spec.ts:33
B12: US-14 US-15 US-19 | C12: CA 02.5 CA 03.1 CA 07.4 | D12: CP-ORG-04 | E12: US-14 Gestionar areas corporativas US-15 Asignar administrador de área US-19 Gestionar roles y permisos | F12: • CA 02.5: solo los administradores deben poder realizar estos cambios • CA 03.1: solo un administrador debe poder realizar esta asignación • CA 07.4: un usuario no debe poder realizar acciones que no correspondan a su rol | G12: Colaborador no accede a Áreas y recibe 403 en cada cambio por API Precondición: Área existente, con un administrador y un colaborador de Operaciones autenticados por separado. Acción: El administrador revisa la acción de gestionar usuarios del área. Luego el colaborador revisa el menú y la página de Áreas, e intenta crear, editar, desactivar la área y asignar jefatura por API. Resultado esperado: El administrador ve la acción de gestionar usuarios. El colaborador no ve Áreas en el menú, la página muestra acceso no disponible y cada cambio por API responde 403 con código RBAC_ACCION_DENEGADA. | H12: Seguridad | I12: Por probar | J12: Critica | K12: Si | M12: tests/e2e/src/specs/org/corporate-areas.spec.ts:88
B13: US-15 | C13: CA 03.2 | D13: CP-ORG-05 | E13: US-15 Asignar administrador de área | F13: • CA 03.2: la persona elegida debe ser un usuario activo | G13: Jefatura de área solo asignable a usuarios activos Precondición: Área de prueba y un usuario de Operaciones desactivado. Acción: El administrador abre 'Gestionar usuarios' del área y luego la API intenta asignar como jefe al usuario desactivado. Resultado esperado: Se verifica que el usuario desactivado no aparece entre los candidatos (sí aparece un revisor activo) y que la API responde 422 al rechazar la asignación. | H13: Integracion | I13: Por probar | J13: Alta | K13: Si | M13: tests/e2e/src/specs/org/area-audit-and-names.spec.ts:74
B14: US-15 | C14: CA 03.3 CA 03.4 CA 03.5 | D14: CP-ORG-06 | E14: US-15 Asignar administrador de área | F14: • CA 03.3: debe quedar claro qué área administra cada persona • CA 03.4: se debe poder cambiar al administrador de un área cuando sea necesario • CA 03.5: el cambio debe quedar registrado | G14: Cambio de jefatura de área queda registrado en auditoría Precondición: Área de prueba recién creada, sin jefatura asignada. Acción: El administrador asigna un jefe, le quita la jefatura, asigna a otra persona como jefe y recarga la vista. Resultado esperado: Se verifica en la auditoría dos asignaciones de jefatura y una remoción sobre el área, y que tras recargar el nuevo jefe aparece como 'Jefe de área' y el anterior como 'Miembro'. | H14: Sistema | I14: Por probar | J14: Alta | K14: Si | M14: tests/e2e/src/specs/org/area-audit-and-names.spec.ts:103
... B68: US-17 | C68: — (complementaria) | D68: CP-FLOW-09 | E68: US-17 Gestionar flujos | F68: Prueba complementaria: no está etiquetada con un criterio de aceptación oficial. | G68: Revisor sin permiso de flujos no ve la configuración de flujos Precondición: Revisor de Finanzas sin permiso de flujos, con sesión iniciada. Acción: El revisor revisa el menú principal y luego intenta abrir por URL la configuración de flujos. Resultado esperado: El menú muestra la bandeja pero no el enlace a configuración de flujos. La página muestra «acceso no disponible». | H68: Seguridad | I68: Por probar | J68: Critica | K68: Si | M68: tests/e2e/src/specs/flow/flow-configuration.spec.ts:134

Sheet resumen resultados
B1: Resultados
B3: Estado de ejecución por tipo de prueba
B4: Tipo de prueba | C4: N° casos | D4: OK | E4: NO OK | F4: Sin implementar | G4: Por probar | H4: % OK
B5: Sistema | C5: =COUNTIF('casos prueba sprint 1'!$H$3:$H$66, "Sistema") + COUNTIF('casos prueba sprint 2'!$H$3:$H$68, "Sistema") -> 86 | D5: =COUNTIFS('casos prueba sprint 1'!$H$3:$H$66, "Sistema", 'casos prueba sprint 1'!$I$3:$I$66, "OK") + COUNTIFS('casos prueba sprint 2'!$H$3:$H$68, "Sistema", 'casos prueba sprint 2'!$I$3:$I$68, "OK") -> 45 | E5: =COUNTIFS('casos prueba sprint 1'!$H$3:$H$66, "Sistema", 'casos prueba sprint 1'!$I$3:$I$66, "NO OK") + COUNTIFS('casos prueba sprint 2'!$H$3:$H$68, "Sistema", 'casos prueba sprint 2'!$I$3:$I$68, "NO OK") -> 0 | F5: =COUNTIFS('casos prueba sprint 1'!$H$3:$H$66, "Sistema", 'casos prueba sprint 1'!$I$3:$I$66, "Sin implementar") + COUNTIFS('casos prueba sprint 2'!$H$3:$H$68, "Sistema", 'casos prueba sprint 2'!$I$3:$I$68, "Sin implementar") -> 0 | G5: =COUNTIFS('casos prueba sprint 1'!$H$3:$H$66, "Sistema", 'casos prueba sprint 1'!$I$3:$I$66, "Por probar") + COUNTIFS('casos prueba sprint 2'!$H$3:$H$68, "Sistema", 'casos prueba sprint 2'!$I$3:$I$68, "Por probar") -> 41 | H5: =D5/C5 -> 0.52325581
B6: Integracion | C6: =COUNTIF('casos prueba sprint 1'!$H$3:$H$66, "Integracion") + COUNTIF('casos prueba sprint 2'!$H$3:$H$68, "Integracion") -> 16 | D6: =COUNTIFS('casos prueba sprint 1'!$H$3:$H$66, "Integracion", 'casos prueba sprint 1'!$I$3:$I$66, "OK") + COUNTIFS('casos prueba sprint 2'!$H$3:$H$68, "Integracion", 'casos prueba sprint 2'!$I$3:$I$68, "OK") -> 5 | E6: =COUNTIFS('casos prueba sprint 1'!$H$3:$H$66, "Integracion", 'casos prueba sprint 1'!$I$3:$I$66, "NO OK") + COUNTIFS('casos prueba sprint 2'!$H$3:$H$68, "Integracion", 'casos prueba sprint 2'!$I$3:$I$68, "NO OK") -> 0 | F6: =COUNTIFS('casos prueba sprint 1'!$H$3:$H$66, "Integracion", 'casos prueba sprint 1'!$I$3:$I$66, "Sin implementar") + COUNTIFS('casos prueba sprint 2'!$H$3:$H$68, "Integracion", 'casos prueba sprint 2'!$I$3:$I$68, "Sin implementar") -> 0 | G6: =COUNTIFS('casos prueba sprint 1'!$H$3:$H$66, "Integracion", 'casos prueba sprint 1'!$I$3:$I$66, "Por probar") + COUNTIFS('casos prueba sprint 2'!$H$3:$H$68, "Integracion", 'casos prueba sprint 2'!$I$3:$I$68, "Por probar") -> 11 | H6: =D6/C6 -> 0.3125
B7: Seguridad | C7: =COUNTIF('casos prueba sprint 1'!$H$3:$H$66, "Seguridad") + COUNTIF('casos prueba sprint 2'!$H$3:$H$68, "Seguridad") -> 28 | D7: =COUNTIFS('casos prueba sprint 1'!$H$3:$H$66, "Seguridad", 'casos prueba sprint 1'!$I$3:$I$66, "OK") + COUNTIFS('casos prueba sprint 2'!$H$3:$H$68, "Seguridad", 'casos prueba sprint 2'!$I$3:$I$68, "OK") -> 14 | E7: =COUNTIFS('casos prueba sprint 1'!$H$3:$H$66, "Seguridad", 'casos prueba sprint 1'!$I$3:$I$66, "NO OK") + COUNTIFS('casos prueba sprint 2'!$H$3:$H$68, "Seguridad", 'casos prueba sprint 2'!$I$3:$I$68, "NO OK") -> 0 | F7: =COUNTIFS('casos prueba sprint 1'!$H$3:$H$66, "Seguridad", 'casos prueba sprint 1'!$I$3:$I$66, "Sin implementar") + COUNTIFS('casos prueba sprint 2'!$H$3:$H$68, "Seguridad", 'casos prueba sprint 2'!$I$3:$I$68, "Sin implementar") -> 0 | G7: =COUNTIFS('casos prueba sprint 1'!$H$3:$H$66, "Seguridad", 'casos prueba sprint 1'!$I$3:$I$66, "Por probar") + COUNTIFS('casos prueba sprint 2'!$H$3:$H$68, "Seguridad", 'casos prueba sprint 2'!$I$3:$I$68, "Por probar") -> 14 | H7: =D7/C7 -> 0.5
B8: Total | C8: =SUM(C5:C7) -> 130 | D8: =SUM(D5:D7) -> 64 | E8: =SUM(E5:E7) -> 0 | F8: =SUM(F5:F7) -> 0 | G8: =SUM(G5:G7) -> 66 | H8: =D8/C8 -> 0.49230769
