Workbook
Name Destinatarios: Codigos!$E$2:$E$8
Name ListaCategorias: Codigos!$B$2:$B$32
Name Riesgo_Categorias: Codigos!$B$2:$B$20
Name Riesgo_Componentes: Codigos!$A$2:$A$20
Name Riesgo_Destinatarios: Codigos!$E$2:$E$20
Name Riesgo_Objetivos: Codigos!$C$2:$C$20
Name Riesgo_Responsables: Codigos!$D$2:$D$20

Sheet Riesgos
A1: Registro y Seguimiento de Riesgos
A3: Cliente | B3: Masterbase | G3: RESUMEN
A4: Proveedor | B4: Equipo 6 (Kevin Soto, Eduardo Kusar, Nicolás Vidal) | G4: # Riesgos (Rojos) | H4: =COUNTIF($M$12:$M$233,">=6") -> 1 | I4: =H4/$H$7 -> 0.04
A5: Nombre del Proyecto | B5: Sistema de Gestión Documental y Flujos de Aprobación | G5: # Riesgos (Amarillos) | H5: =COUNTIF($M$12:$M$233,">=3")-H4 -> 17 | I5: =H5/$H$7 -> 0.68
A6: Director de Proyecto | B6: Nicolás Vidal | G6: # Riesgos (Verdes) | H6: =COUNTIFS($M$12:$M$233,">0",$M$12:$M$233,"<3") -> 7 | I6: =H6/$H$7 -> 0.28
A7: Fecha Inicio | B7: 46244 | C7: Fecha Termino | D7: 46374 | G7: # de Riesgos | H7: =SUM(H4:H6) -> 25
A10: IDENTIFICACIÓN | G10: ANALISIS | K10: EVALUAR | N10: TRATAMIENTO | Q10: MONITOREO Y COMUNICACIÓN
A11: Fecha Identificación | B11: Identificador | C11: Componente (según WBS) | D11: Categoría (según RBS) | E11: Riesgo/Evento de Riesgo | F11: Tipo de Riesgo | G11: Fuente/Causa/Condición | H11: Impacta a/ Consecuencias Objetivos Proyecto | I11: Descripción y Comentarios | K11: Probabilidad | L11: Impacto | M11: Magnitud | N11: Responsable | O11: Estrategia | P11: Plan de Tratamiento | Q11: Plan de Monitoreo | R11: Periodicidad | S11: Destinatario Comunicación
A12: 46293 | B12: =IF(D12<>"",MID(D12,1,3)&"-"&TEXT(COUNTIF($D$12:D12,D12),"000"),"") -> GES-001 | C12: GESTIÓN DEL PROYECTO | D12: GESTION | E12: Aumento del alcance por nuevas solicitudes de la Product Owner | F12: Amenaza | G12: Retroalimentación continua de la Product Owner que puede agregar requisitos a funcionalidades ya planificadas. | H12: Atraso del Sprint 3 y del Hito 4, con menos tiempo para pruebas y documentación (Objetivos 1, 3 y 6) | I12: Durante las reuniones con la Product Owner, debido a nuevas solicitudes sobre funcionalidades ya planificadas, el equipo podría comprometer más trabajo del que cabe en el Sprint 3. | K12: Media | L12: Medio | M12: =IF(OR(K12="",L12=""),"",IF(K12="Alta",3,IF(K12="Media",2,IF(K12="Baja",1,0)))*IF(L12="Alto",3,IF(L12="Medio",2,IF(L12="Bajo",1,0)))) -> 4 | N12: Nicolás Vidal | O12: Mitigar | P12: Acordar con la Product Owner que el Product Backlog inicial es el alcance; evaluar y negociar cada cambio, registrarlo en actas y no modificar el Sprint Backlog una vez iniciado el sprint. | Q12: Revisar en la reunión semanal los cambios pedidos versus el Sprint Backlog comprometido. | R12: Semanal | S12: Product Owner
A13: 46258 | B13: =IF(D13<>"",MID(D13,1,3)&"-"&TEXT(COUNTIF($D$12:D13,D13),"000"),"") -> TEC-001 | C13: INTEGRACIÓN IA | D13: TECNICO | E13: Latencia alta, respuestas inconsistentes o caída del servicio de IA | F13: Amenaza | G13: Uso de una API de IA gratuita y externa, sin garantía de tiempos de respuesta, cuotas ni disponibilidad, y con resultados no deterministas. | H13: El autocompletado y la revisión asistida de solicitudes se vuelven lentos o dejan de funcionar (Objetivo 4) | I13: Durante el registro y la revisión de solicitudes, debido a que el modelo de IA es un servicio gratuito externo, sus respuestas podrían demorar, ser incorrectas o fallar sin que el equipo pueda controlarlo. | K13: Alta | L13: Medio | M13: =IF(OR(K13="",L13=""),"",IF(K13="Alta",3,IF(K13="Media",2,IF(K13="Baja",1,0)))*IF(L13="Alto",3,IF(L13="Medio",2,IF(L13="Bajo",1,0)))) -> 6 | N13: Eduardo Kusar | O13: Mitigar | P13: Arquitectura asíncrona basada en eventos: el microservicio de IA se desacopla del flujo principal mediante una cola de mensajes, con tiempo máximo de espera y reintentos. Si el servicio se degrada, la solicitud continúa con validación manual por reglas. Forzar salida JSON estricta mediante el prompt y usar un modo simulación en las pruebas. | Q13: Medir en cada sprint el tiempo de respuesta, las fallas del servicio y las sugerencias que el usuario debe corregir. | R13: Por sprint | S13: Equipo
A14: 46258 | B14: =IF(D14<>"",MID(D14,1,3)&"-"&TEXT(COUNTIF($D$12:D14,D14),"000"),"") -> EXT-001 | C14: PRUEBAS Y CALIDAD | D14: EXTERNO | E14: Falta de documentos reales de Masterbase para probar la IA y las planillas | F14: Amenaza | G14: Los documentos de ejemplo de los procesos dependen de que la Product Owner los entregue. | H14: Pruebas poco representativas y atraso en la validación de las historias de IA y planillas (Objetivos 4 y 5) | I14: Durante el Sprint 3, si no se cuenta con documentos reales del cliente, las pruebas de IA y planillas podrían hacerse con datos que no reflejan los casos reales. | K14: Media | L14: Medio | M14: =IF(OR(K14="",L14=""),"",IF(K14="Alta",3,IF(K14="Media",2,IF(K14="Baja",1,0)))*IF(L14="Alto",3,IF(L14="Medio",2,IF(L14="Bajo",1,0)))) -> 4 | N14: Kevin Soto | O14: Mitigar | P14: Solicitar los documentos a la Product Owner antes del Sprint 3 y preparar documentos de prueba ficticios como respaldo. | Q14: Verificar en la reunión semanal si llegaron los documentos comprometidos. | R14: Semanal | S14: Product Owner
A15: 46258 | B15: =IF(D15<>"",MID(D15,1,3)&"-"&TEXT(COUNTIF($D$12:D15,D15),"000"),"") -> TEC-002 | C15: DESARROLLO BACKEND | D15: TECNICO | E15: Subestimación de la complejidad del motor de planillas dinámicas | F15: Amenaza | G15: Manejo de campos configurables y datos dinámicos no estructurados sobre un modelo relacional. | H15: Atraso en las historias de planillas y defectos en el registro de solicitudes (Objetivos 2 y 3) | I15: Durante el desarrollo de las planillas dinámicas, debido a la complejidad de almacenar y validar campos configurables, el equipo podría subestimar el esfuerzo o introducir defectos. | K15: Media | L15: Medio | M15: =IF(OR(K15="",L15=""),"",IF(K15="Alta",3,IF(K15="Media",2,IF(K15="Baja",1,0)))*IF(L15="Alto",3,IF(L15="Medio",2,IF(L15="Bajo",1,0)))) -> 4 | N15: Eduardo Kusar | O15: Mitigar | P15: Diseñar el modelo de campos dinámicos antes de programar y validar los mockups de planillas con la Product Owner. | Q15: Revisar en el Burndown Chart el avance de las historias de planillas y los defectos abiertos. | R15: Semanal | S15: Equipo
A16: 46258 | B16: =IF(D16<>"",MID(D16,1,3)&"-"&TEXT(COUNTIF($D$12:D16,D16),"000"),"") -> TEC-003 | C16: INFRAESTRUCTURA | D16: TECNICO | E16: Fallas del ambiente de demostración durante una presentación | F16: Amenaza | G16: El sistema completo (varios contenedores) se levantará en los computadores de los integrantes, con posibles diferencias de configuración y dependencia de la red y de servicios externos. | H16: No poder mostrar el incremento en los hitos o en la defensa (Objetivo 6) | I16: Durante las presentaciones de los hitos y la defensa, debido a diferencias entre los entornos locales o a fallas de red y de servicios externos, el sistema podría no levantar o fallar en plena demostración. | K16: Baja | L16: Alto | M16: =IF(OR(K16="",L16=""),"",IF(K16="Alta",3,IF(K16="Media",2,IF(K16="Baja",1,0)))*IF(L16="Alto",3,IF(L16="Medio",2,IF(L16="Bajo",1,0)))) -> 3 | N16: Kevin Soto | O16: Mitigar | P16: Estandarizar el entorno con Docker Compose y un archivo de variables de ejemplo, ensayar la demo antes de cada hito y tener un segundo computador listo como respaldo. | Q16: Levantar el sistema completo y revisar la salud de los servicios el día antes de cada presentación. | R16: Por hito | S16: Equipo
A17: 46258 | B17: =IF(D17<>"",MID(D17,1,3)&"-"&TEXT(COUNTIF($D$12:D17,D17),"000"),"") -> TEC-004 | C17: INTEGRACIÓN IA | D17: TECNICO | E17: Aceptación de sugerencias de la IA sin verificación del revisor | F17: Amenaza | G17: Confianza excesiva en la evaluación automática de las solicitudes. | H17: Aprobación de documentos incorrectos (Objetivos 3 y 4) | I17: Durante la revisión de solicitudes, debido a la confianza en la evaluación de la IA, un revisor podría aprobar un documento sin revisarlo realmente. | K17: Baja | L17: Medio | M17: =IF(OR(K17="",L17=""),"",IF(K17="Alta",3,IF(K17="Media",2,IF(K17="Baja",1,0)))*IF(L17="Alto",3,IF(L17="Medio",2,IF(L17="Bajo",1,0)))) -> 2 | N17: Nicolás Vidal | O17: Mitigar | P17: Mostrar claramente que la decisión es del revisor, exigir su confirmación y nunca aprobar de forma automática. | Q17: Verificar en las pruebas de aceptación que ninguna decisión se tome sin el revisor. | R17: Por sprint | S17: Product Owner
A18: 46258 | B18: =IF(D18<>"",MID(D18,1,3)&"-"&TEXT(COUNTIF($D$12:D18,D18),"000"),"") -> GES-002 | C18: GESTIÓN DEL PROYECTO | D18: GESTION | E18: Criterios de aceptación ambiguos o definiciones organizacionales incompletas que generan retrabajo | F18: Amenaza | G18: Reglas de negocio poco definidas y falta de información validada sobre áreas, jerarquías, responsables y reglas de acceso. | H18: Retrabajo en funcionalidades terminadas y menos tiempo para historias nuevas (Objetivos 1 y 3) | I18: Durante la implementación de cada historia, si los criterios o las definiciones de áreas, jerarquías, responsables y accesos no están validados, el equipo podría construir sobre supuestos y necesitar retrabajo. | K18: Media | L18: Medio | M18: =IF(OR(K18="",L18=""),"",IF(K18="Alta",3,IF(K18="Media",2,IF(K18="Baja",1,0)))*IF(L18="Alto",3,IF(L18="Medio",2,IF(L18="Bajo",1,0)))) -> 4 | N18: Nicolás Vidal | O18: Mitigar | P18: Validar los criterios de aceptación y solicitar las definiciones de áreas, jerarquías, responsables y reglas de acceso antes de implementar los módulos dependientes; registrar los supuestos y acordar una fecha para resolverlos. | Q18: Revisar semanalmente las definiciones y supuestos pendientes; contar en cada Sprint Review las observaciones que implican retrabajo. | R18: Semanal y por sprint | S18: Product Owner
A19: 46258 | B19: =IF(D19<>"",MID(D19,1,3)&"-"&TEXT(COUNTIF($D$12:D19,D19),"000"),"") -> TEC-005 | C19: PRUEBAS Y CALIDAD | D19: TECNICO | E19: Regresiones al integrar nuevas funcionalidades | F19: Amenaza | G19: Cambios en módulos compartidos como flujos, permisos y solicitudes. | H19: Funcionalidades ya aceptadas dejan de funcionar (Objetivos 3 y 5) | I19: Durante la integración de las historias de cada sprint, debido a cambios en módulos compartidos, funcionalidades ya aceptadas podrían dejar de funcionar sin que se note. | K19: Media | L19: Medio | M19: =IF(OR(K19="",L19=""),"",IF(K19="Alta",3,IF(K19="Media",2,IF(K19="Baja",1,0)))*IF(L19="Alto",3,IF(L19="Medio",2,IF(L19="Bajo",1,0)))) -> 4 | N19: Kevin Soto | O19: Mitigar | P19: Ejecutar pruebas de regresión al cierre de cada sprint y antes de cada demo, registrando los defectos en el log de incidencias. | Q19: Revisar el resultado de la regresión y los defectos abiertos. | R19: Por sprint | S19: Equipo
A20: 46258 | B20: =IF(D20<>"",MID(D20,1,3)&"-"&TEXT(COUNTIF($D$12:D20,D20),"000"),"") -> TEC-006 | C20: DESARROLLO FRONTEND | D20: TECNICO | E20: Desfases en la integración entre frontend y backend | F20: Amenaza | G20: Desarrollo en paralelo de frontend y backend con especificaciones de API que pueden cambiar. | H20: Vistas que no funcionan con los endpoints y retrabajo al integrar (Objetivo 3) | I20: Durante cada sprint, debido a cambios en las especificaciones de las API, las vistas y los endpoints podrían no calzar al momento de integrarlos. | K20: Media | L20: Medio | M20: =IF(OR(K20="",L20=""),"",IF(K20="Alta",3,IF(K20="Media",2,IF(K20="Baja",1,0)))*IF(L20="Alto",3,IF(L20="Medio",2,IF(L20="Bajo",1,0)))) -> 4 | N20: Eduardo Kusar | O20: Mitigar | P20: Definir los contratos de API antes de implementar y usar mocks para que frontend y backend avancen en paralelo. | Q20: Revisar en las Daily Meetings los cambios a los contratos de API. | R20: Semanal | S20: Equipo
A21: 46258 | B21: =IF(D21<>"",MID(D21,1,3)&"-"&TEXT(COUNTIF($D$12:D21,D21),"000"),"") -> TEC-007 | C21: PRUEBAS Y CALIDAD | D21: TECNICO | E21: Rendimiento insuficiente con varios usuarios simultáneos | F21: Amenaza | G21: El rendimiento de búsquedas, registros y descargas solo podrá medirse con el sistema integrado. | H21: Respuestas lentas en la demo o en el uso real (Objetivo 5) | I21: Durante el uso simultáneo del sistema, si no se mide su rendimiento a tiempo, las búsquedas y descargas podrían responder lento. | K21: Baja | L21: Medio | M21: =IF(OR(K21="",L21=""),"",IF(K21="Alta",3,IF(K21="Media",2,IF(K21="Baja",1,0)))*IF(L21="Alto",3,IF(L21="Medio",2,IF(L21="Bajo",1,0)))) -> 2 | N21: Kevin Soto | O21: Mitigar | P21: Ejecutar pruebas de carga y estrés con Apache JMeter antes del cierre y optimizar las consultas lentas. | Q21: Comparar los tiempos de respuesta con el objetivo de 2 segundos. | R21: Una vez (Fase 3) | S21: Equipo
A22: 46258 | B22: =IF(D22<>"",MID(D22,1,3)&"-"&TEXT(COUNTIF($D$12:D22,D22),"000"),"") -> SEG-001 | C22: DESARROLLO BACKEND | D22: SEGURIDAD | E22: Fallas en el aislamiento por área y jerarquía que expongan documentos | F22: Amenaza | G22: Reglas de permisos complejas (rol, área y jerarquía) aplicadas en varios endpoints. | H22: Acceso a documentos de otras áreas y pérdida de confianza del cliente (Objetivo 3) | I22: Durante el uso del sistema por usuarios de distintas áreas, debido a reglas de permisos complejas, un usuario podría ver documentos que no le corresponden. | K22: Baja | L22: Alto | M22: =IF(OR(K22="",L22=""),"",IF(K22="Alta",3,IF(K22="Media",2,IF(K22="Baja",1,0)))*IF(L22="Alto",3,IF(L22="Medio",2,IF(L22="Bajo",1,0)))) -> 3 | N22: Kevin Soto | O22: Mitigar | P22: Probar cada permiso por interfaz y por API con casos permitidos y denegados, a partir de una matriz de roles y permisos. | Q22: Revisar el resultado de las pruebas de permisos en cada regresión. | R22: Por sprint | S22: Product Owner
A23: 46258 | B23: =IF(D23<>"",MID(D23,1,3)&"-"&TEXT(COUNTIF($D$12:D23,D23),"000"),"") -> SEG-002 | C23: DESARROLLO BACKEND | D23: SEGURIDAD | E23: Acceso no autorizado a cuentas de usuario | F23: Amenaza | G23: Contraseñas débiles o intentos repetidos de inicio de sesión. | H23: Exposición de solicitudes y documentos internos (Objetivo 3) | I23: Durante la operación del sistema, debido a contraseñas débiles o ataques de fuerza bruta, un tercero podría ingresar con una cuenta ajena. | K23: Baja | L23: Alto | M23: =IF(OR(K23="",L23=""),"",IF(K23="Alta",3,IF(K23="Media",2,IF(K23="Baja",1,0)))*IF(L23="Alto",3,IF(L23="Medio",2,IF(L23="Bajo",1,0)))) -> 3 | N23: Kevin Soto | O23: Mitigar | P23: Implementar el bloqueo de 30 minutos tras 4 intentos fallidos, una política de contraseñas en Keycloak y la auditoría de inicios de sesión. | Q23: Revisar los inicios de sesión fallidos registrados en la auditoría. | R23: Mensual | S23: Equipo
... A34: 46258 | B34: =IF(D34<>"",MID(D34,1,3)&"-"&TEXT(COUNTIF($D$12:D34,D34),"000"),"") -> TEC-013 | C34: DESARROLLO FRONTEND | D34: TECNICO | E34: Expiración del token de sesión durante una operación | F34: Amenaza | G34: Autenticación con tokens JWT de duración limitada emitidos por Keycloak. | H34: Pérdida de la información ingresada por el usuario (Objetivo 3) | I34: Durante el registro de una solicitud, debido a que el token expira, el envío podría ser rechazado y el usuario perder lo ingresado. | K34: Baja | L34: Medio | M34: =IF(OR(K34="",L34=""),"",IF(K34="Alta",3,IF(K34="Media",2,IF(K34="Baja",1,0)))*IF(L34="Alto",3,IF(L34="Medio",2,IF(L34="Bajo",1,0)))) -> 2 | N34: Kevin Soto | O34: Mitigar | P34: Renovar el token automáticamente con el refresh token y manejar las respuestas 401 en el frontend sin perder el formulario. | Q34: Probar formularios largos con tokens de corta duración. | R34: Por sprint | S34: Equipo
A35: 46258 | B35: GES-004 | C35: GESTIÓN DEL PROYECTO | D35: GESTION | E35: Concentración del conocimiento técnico en un integrante | F35: Amenaza | G35: Especialización de tareas y falta de transferencia de conocimiento en un equipo de tres personas. | H35: Dependencia de un integrante para mantener, demostrar o explicar módulos del sistema (Objetivos 5 y 6) | I35: Durante el desarrollo y la defensa, si el conocimiento de un módulo queda en una sola persona, su ausencia podría bloquear tareas o dificultar la explicación del sistema. | K35: Media | L35: Medio | M35: =IF(OR(K35="",L35=""),"",IF(K35="Alta",3,IF(K35="Media",2,IF(K35="Baja",1,0)))*IF(L35="Alto",3,IF(L35="Medio",2,IF(L35="Bajo",1,0)))) -> 4 | N35: Nicolás Vidal | O35: Mitigar | P35: Mantener documentación compartida, explicar los módulos al equipo y asignar un integrante de respaldo por componente. | Q35: Comprobar en cada retrospectiva que el integrante de respaldo pueda levantar y explicar el módulo con la documentación disponible. | R35: Por sprint | S35: Equipo
A36: 46258 | B36: EXT-003 | C36: GESTIÓN DEL PROYECTO | D36: EXTERNO | E36: Baja disponibilidad de la Product Owner para validar entregas | F36: Amenaza | G36: Agenda del cliente y falta de fechas o plazos acordados para revisar incrementos y resolver observaciones. | H36: Demoras en la aceptación de historias y el cierre del proyecto (Objetivos 1 y 6) | I36: Durante las revisiones y el cierre, si la Product Owner no dispone de tiempo para validar entregas, podrían acumularse observaciones y postergarse la aceptación. | K36: Media | L36: Medio | M36: =IF(OR(K36="",L36=""),"",IF(K36="Alta",3,IF(K36="Media",2,IF(K36="Baja",1,0)))*IF(L36="Alto",3,IF(L36="Medio",2,IF(L36="Bajo",1,0)))) -> 4 | N36: Nicolás Vidal | O36: Mitigar | P36: Acordar anticipadamente fechas de revisión y plazos para resolver observaciones; enviar el material antes de cada reunión y registrar los acuerdos. | Q36: Confirmar semanalmente la próxima revisión y controlar las validaciones u observaciones pendientes de respuesta. | R36: Semanal | S36: Product Owner
B38: =IF(D38<>"",MID(D38,1,3)&"-"&TEXT(COUNTIF($D$12:D38,D38),"000"),"") | M38: =IF(OR(K38="",L38=""),"",IF(K38="Alta",3,IF(K38="Media",2,IF(K38="Baja",1,0)))*IF(L38="Alto",3,IF(L38="Medio",2,IF(L38="Bajo",1,0))))
B39: =IF(D39<>"",MID(D39,1,3)&"-"&TEXT(COUNTIF($D$12:D39,D39),"000"),"") | M39: =IF(OR(K39="",L39=""),"",IF(K39="Alta",3,IF(K39="Media",2,IF(K39="Baja",1,0)))*IF(L39="Alto",3,IF(L39="Medio",2,IF(L39="Bajo",1,0))))
B40: =IF(D40<>"",MID(D40,1,3)&"-"&TEXT(COUNTIF($D$12:D40,D40),"000"),"") | M40: =IF(OR(K40="",L40=""),"",IF(K40="Alta",3,IF(K40="Media",2,IF(K40="Baja",1,0)))*IF(L40="Alto",3,IF(L40="Medio",2,IF(L40="Bajo",1,0))))
B41: =IF(D41<>"",MID(D41,1,3)&"-"&TEXT(COUNTIF($D$12:D41,D41),"000"),"") | M41: =IF(OR(K41="",L41=""),"",IF(K41="Alta",3,IF(K41="Media",2,IF(K41="Baja",1,0)))*IF(L41="Alto",3,IF(L41="Medio",2,IF(L41="Bajo",1,0))))
B42: =IF(D42<>"",MID(D42,1,3)&"-"&TEXT(COUNTIF($D$12:D42,D42),"000"),"") | M42: =IF(OR(K42="",L42=""),"",IF(K42="Alta",3,IF(K42="Media",2,IF(K42="Baja",1,0)))*IF(L42="Alto",3,IF(L42="Medio",2,IF(L42="Bajo",1,0))))
B43: =IF(D43<>"",MID(D43,1,3)&"-"&TEXT(COUNTIF($D$12:D43,D43),"000"),"") | M43: =IF(OR(K43="",L43=""),"",IF(K43="Alta",3,IF(K43="Media",2,IF(K43="Baja",1,0)))*IF(L43="Alto",3,IF(L43="Medio",2,IF(L43="Bajo",1,0))))
B44: =IF(D44<>"",MID(D44,1,3)&"-"&TEXT(COUNTIF($D$12:D44,D44),"000"),"") | M44: =IF(OR(K44="",L44=""),"",IF(K44="Alta",3,IF(K44="Media",2,IF(K44="Baja",1,0)))*IF(L44="Alto",3,IF(L44="Medio",2,IF(L44="Bajo",1,0))))
B45: =IF(D45<>"",MID(D45,1,3)&"-"&TEXT(COUNTIF($D$12:D45,D45),"000"),"") | M45: =IF(OR(K45="",L45=""),"",IF(K45="Alta",3,IF(K45="Media",2,IF(K45="Baja",1,0)))*IF(L45="Alto",3,IF(L45="Medio",2,IF(L45="Bajo",1,0))))
B46: =IF(D46<>"",MID(D46,1,3)&"-"&TEXT(COUNTIF($D$12:D46,D46),"000"),"") | M46: =IF(OR(K46="",L46=""),"",IF(K46="Alta",3,IF(K46="Media",2,IF(K46="Baja",1,0)))*IF(L46="Alto",3,IF(L46="Medio",2,IF(L46="Bajo",1,0))))
B47: =IF(D47<>"",MID(D47,1,3)&"-"&TEXT(COUNTIF($D$12:D47,D47),"000"),"") | M47: =IF(OR(K47="",L47=""),"",IF(K47="Alta",3,IF(K47="Media",2,IF(K47="Baja",1,0)))*IF(L47="Alto",3,IF(L47="Medio",2,IF(L47="Bajo",1,0))))
B48: =IF(D48<>"",MID(D48,1,3)&"-"&TEXT(COUNTIF($D$12:D48,D48),"000"),"") | M48: =IF(OR(K48="",L48=""),"",IF(K48="Alta",3,IF(K48="Media",2,IF(K48="Baja",1,0)))*IF(L48="Alto",3,IF(L48="Medio",2,IF(L48="Bajo",1,0))))
B49: =IF(D49<>"",MID(D49,1,3)&"-"&TEXT(COUNTIF($D$12:D49,D49),"000"),"") | M49: =IF(OR(K49="",L49=""),"",IF(K49="Alta",3,IF(K49="Media",2,IF(K49="Baja",1,0)))*IF(L49="Alto",3,IF(L49="Medio",2,IF(L49="Bajo",1,0))))
... B233: =IF(D233<>"",MID(D233,1,3)&"-"&TEXT(COUNTIF($D$12:D233,D233),"000"),"") | M233: =IF(OR(K233="",L233=""),"",IF(K233="Alta",3,IF(K233="Media",2,IF(K233="Baja",1,0)))*IF(L233="Alto",3,IF(L233="Medio",2,IF(L233="Bajo",1,0))))

Sheet Diccionario
A1: ATRIBUTO | B1: DESCRIPCION | D1: REFERENCIAS del PLAN DE GESTIÓN DE RIESGOS
A2: Cliente | B2: Nombre de la empresa cliente
A3: Proveedor | B3: Nombre del equipo que desarrolla el proyecto para el cliente | G3: Impacto | K3: Nivel de Probabilidad | L3: Valores Probabilidad | M3: Comentario
A4: Nombre del Proyecto | B4: Nombre dado al Proyecto | G4: Bajo | H4: Medio | I4: Alto | K4: Baja | L4: 1 | M4: Podría ocurrir
A5: Director del Proyecto | B5: Nombre de quien de la empresa liderará el Proyecto | G5: 1 | H5: 2 | I5: 3 | K5: Media | L5: 2 | M5: Es bastante probable
A6: Fecha Inicio | B6: Corresponde a la Fecha de Inicio del Proyecto | D6: Probabilidad | E6: Baja | F6: 1 | G6: =F6*G5 -> 1 | H6: =F6*H5 -> 2 | I6: =F6*I5 -> 3 | K6: Alta | L6: 3 | M6: Es casi seguro
A7: Fecha Termino | B7: Corresponde a la Fecha de Termino del Proyecto | E7: Media | F7: 2 | G7: =F7*G5 -> 2 | H7: =F7*H5 -> 4 | I7: =F7*I5 -> 6
A8: Fecha Identificación | B8: Fecha de la Identificación del Riesgo | E8: Alta | F8: 3 | G8: =F8*G5 -> 3 | H8: =F8*H5 -> 6 | I8: =F8*I5 -> 9 | K8: Nivel Impacto | L8: Valores de Impacto | M8: Comentario
A9: Identificador | B9: Codigo Automatico : Identificación Unica del Riesgo. (3 primeras letras de la Categoria + correlativo) | K9: Bajo | L9: 1 | M9: Atraso menor a un 20%
A10: Componente | B10: Componente del Proyecto al cual pertenece el Riesgo (GESTIÓN DEL PROYECTO, DESARROLLO BACKEND, DESARROLLO FRONTEND, INTEGRACIÓN IA, INFRAESTRUCTURA, PRUEBAS Y CALIDAD, DESPLIEGUE Y CIERRE) | K10: Medio | L10: 2 | M10: Atraso entre 20% y 50%
A11: Categoría (según RBS) | B11: Categoría definida en el RBS al cual se asocia el Riesgo. Deben ser exactamente las mismas. | K11: Alto | L11: 3 | M11: Proyecto fracasa o atraso de más de 100%
A12: Riesgo/Evento de Riesgo | B12: Glosa del Riesgo
A13: Fuente/Causa/Condición | B13: Causal, Origen o Situación en la cual se produciría el riesgo
A14: Impacta a/ Consecuencias Objetivos Proyecto | B14: Objetivo del Proyecto que es impactado
A15: Descripción y Comentarios | B15: Breve Descripción del Riesgo
A16: Probabilidad | B16: Posibilidad de Ocurrencia del Riesgo (Alta, Media, Baja)
A17: Valor de Probabilidad | B17: Calculo Automatico (Alta:3; Media:2; Baja:1)
A18: Impacto | B18: Impacto en el proyecto si se materializa el riesgo (Alto, Medio, Bajo)
A19: Valor Impacto | B19: Calculo Automatico (Alto:3; Medio:2; Bajo:1)
A20: Magnitud | B20: Calculo Automatico : Valor Probabilidad * Valor Impacto
A21: Asignado a (Responsable) | B21: Integrante del equipo que dará seguimiento al Riesgo durante el Proyecto
A22: Estrategia | B22: Estrategia a seguir con el riesgo (Aceptar; Evitar; Mitigar)
A23: Plan de Acción | B23: Acciones a seguir conforme la estrategia definida
... A26: Destinatario Comunicación | B26: Rol a quien se comunica el resultado del monitoreo

Sheet Codigos
A1: COMPONENTES | B1: CATEGORIAS | C1: OBJETIVOS | D1: RESPONSABLES | E1: DESTINATARIOS
A2: GESTIÓN DEL PROYECTO | B2: TECNICO | C2: O1: Levantar y sistematizar los requerimientos funcionales y no funcionales mediante épicas e historias de usuario acordadas con Masterbase. | D2: Nicolás Vidal | E2: Equipo
A3: DESARROLLO BACKEND | B3: SEGURIDAD | C3: O2: Diseñar e implementar un modelo de datos estructurado y escalable para usuarios, roles, plantillas dinámicas, solicitudes y auditoría. | D3: Eduardo Kusar | E3: Product Owner
A4: DESARROLLO FRONTEND | B4: GESTION | C4: O3: Construir un motor configurable de flujos de aprobación con autenticación y autorización basada en roles (RBAC) y notificaciones automáticas. | D4: Kevin Soto
A5: INTEGRACIÓN IA | B5: EXTERNO | C5: O4: Integrar un módulo de inteligencia artificial para asistir en la extracción, revisión y autocompletado de documentos. | D5: Equipo
A6: INFRAESTRUCTURA | B6: LEGAL | C6: O5: Diseñar y ejecutar un plan de pruebas funcionales y de integración que asegure la calidad antes de la entrega.
A7: PRUEBAS Y CALIDAD | C7: O6: Gestionar y documentar el proyecto con Scrum, generando las evidencias de cada etapa.
A8: DESPLIEGUE Y CIERRE

Sheet Copia de Riesgos (priorizado)
A1: Fecha Identificación | B1: Identificador | C1: Componente (según WBS) | D1: Categoría (según RBS) | E1: Riesgo/Evento de Riesgo | F1: Tipo de Riesgo | G1: Fuente/Causa/Condición | H1: Impacta a/ Consecuencias Objetivos Proyecto | I1: Descripción y Comentarios | K1: Probabilidad | L1: Impacto | M1: Magnitud | N1: Responsable | O1: Estrategia | P1: Plan de Tratamiento | Q1: Plan de Monitoreo | R1: Periodicidad | S1: Destinatario Comunicación
A2: =IF(Riesgos!A13="","",Riesgos!A13) -> 46258 | B2: =IF(Riesgos!B13="","",Riesgos!B13) -> TEC-001 | C2: =IF(Riesgos!C13="","",Riesgos!C13) -> INTEGRACIÓN IA | D2: =IF(Riesgos!D13="","",Riesgos!D13) -> TECNICO | E2: =IF(Riesgos!E13="","",Riesgos!E13) -> Latencia alta, respuestas inconsistentes o caída del servicio de IA | F2: =IF(Riesgos!F13="","",Riesgos!F13) -> Amenaza | G2: =IF(Riesgos!G13="","",Riesgos!G13) -> Uso de una API de IA gratuita y externa, sin garantía de tiempos de respuesta, cuotas ni disponibilidad, y con resultados no deterministas. | H2: =IF(Riesgos!H13="","",Riesgos!H13) -> El autocompletado y la revisión asistida de solicitudes se vuelven lentos o dejan de funcionar (Objetivo 4) | ... L2: =IF(Riesgos!L13="","",Riesgos!L13) -> Medio | M2: 6 | N2: =IF(Riesgos!N13="","",Riesgos!N13) -> Eduardo Kusar | O2: =IF(Riesgos!O13="","",Riesgos!O13) -> Mitigar | P2: =IF(Riesgos!P13="","",Riesgos!P13) -> Arquitectura asíncrona basada en eventos: el microservicio de IA se desacopla del flujo principal mediante una cola de mensajes, con tiempo máximo de espera y reintentos. Si el servicio se degrada, la solicitud continúa con validación manual por reglas. Forzar salida JSON estricta mediante el prompt y usar un modo simulación en las pruebas. | Q2: =IF(Riesgos!Q13="","",Riesgos!Q13) -> Medir en cada sprint el tiempo de respuesta, las fallas del servicio y las sugerencias que el usuario debe corregir. | R2: =IF(Riesgos!R13="","",Riesgos!R13) -> Por sprint | S2: =IF(Riesgos!S13="","",Riesgos!S13) -> Equipo
A3: =IF(Riesgos!A12="","",Riesgos!A12) -> 46293 | B3: =IF(Riesgos!B12="","",Riesgos!B12) -> GES-001 | C3: =IF(Riesgos!C12="","",Riesgos!C12) -> GESTIÓN DEL PROYECTO | D3: =IF(Riesgos!D12="","",Riesgos!D12) -> GESTION | E3: =IF(Riesgos!E12="","",Riesgos!E12) -> Aumento del alcance por nuevas solicitudes de la Product Owner | F3: =IF(Riesgos!F12="","",Riesgos!F12) -> Amenaza | G3: =IF(Riesgos!G12="","",Riesgos!G12) -> Retroalimentación continua de la Product Owner que puede agregar requisitos a funcionalidades ya planificadas. | H3: =IF(Riesgos!H12="","",Riesgos!H12) -> Atraso del Sprint 3 y del Hito 4, con menos tiempo para pruebas y documentación (Objetivos 1, 3 y 6) | ... L3: =IF(Riesgos!L12="","",Riesgos!L12) -> Medio | M3: 4 | N3: =IF(Riesgos!N12="","",Riesgos!N12) -> Nicolás Vidal | O3: =IF(Riesgos!O12="","",Riesgos!O12) -> Mitigar | P3: =IF(Riesgos!P12="","",Riesgos!P12) -> Acordar con la Product Owner que el Product Backlog inicial es el alcance; evaluar y negociar cada cambio, registrarlo en actas y no modificar el Sprint Backlog una vez iniciado el sprint. | Q3: =IF(Riesgos!Q12="","",Riesgos!Q12) -> Revisar en la reunión semanal los cambios pedidos versus el Sprint Backlog comprometido. | R3: =IF(Riesgos!R12="","",Riesgos!R12) -> Semanal | S3: =IF(Riesgos!S12="","",Riesgos!S12) -> Product Owner
A4: =IF(Riesgos!A14="","",Riesgos!A14) -> 46258 | B4: =IF(Riesgos!B14="","",Riesgos!B14) -> EXT-001 | C4: =IF(Riesgos!C14="","",Riesgos!C14) -> PRUEBAS Y CALIDAD | D4: =IF(Riesgos!D14="","",Riesgos!D14) -> EXTERNO | E4: =IF(Riesgos!E14="","",Riesgos!E14) -> Falta de documentos reales de Masterbase para probar la IA y las planillas | F4: =IF(Riesgos!F14="","",Riesgos!F14) -> Amenaza | G4: =IF(Riesgos!G14="","",Riesgos!G14) -> Los documentos de ejemplo de los procesos dependen de que la Product Owner los entregue. | H4: =IF(Riesgos!H14="","",Riesgos!H14) -> Pruebas poco representativas y atraso en la validación de las historias de IA y planillas (Objetivos 4 y 5) | ... L4: =IF(Riesgos!L14="","",Riesgos!L14) -> Medio | M4: 4 | N4: =IF(Riesgos!N14="","",Riesgos!N14) -> Kevin Soto | O4: =IF(Riesgos!O14="","",Riesgos!O14) -> Mitigar | P4: =IF(Riesgos!P14="","",Riesgos!P14) -> Solicitar los documentos a la Product Owner antes del Sprint 3 y preparar documentos de prueba ficticios como respaldo. | Q4: =IF(Riesgos!Q14="","",Riesgos!Q14) -> Verificar en la reunión semanal si llegaron los documentos comprometidos. | R4: =IF(Riesgos!R14="","",Riesgos!R14) -> Semanal | S4: =IF(Riesgos!S14="","",Riesgos!S14) -> Product Owner
A5: =IF(Riesgos!A15="","",Riesgos!A15) -> 46258 | B5: =IF(Riesgos!B15="","",Riesgos!B15) -> TEC-002 | C5: =IF(Riesgos!C15="","",Riesgos!C15) -> DESARROLLO BACKEND | D5: =IF(Riesgos!D15="","",Riesgos!D15) -> TECNICO | E5: =IF(Riesgos!E15="","",Riesgos!E15) -> Subestimación de la complejidad del motor de planillas dinámicas | F5: =IF(Riesgos!F15="","",Riesgos!F15) -> Amenaza | G5: =IF(Riesgos!G15="","",Riesgos!G15) -> Manejo de campos configurables y datos dinámicos no estructurados sobre un modelo relacional. | H5: =IF(Riesgos!H15="","",Riesgos!H15) -> Atraso en las historias de planillas y defectos en el registro de solicitudes (Objetivos 2 y 3) | ... L5: =IF(Riesgos!L15="","",Riesgos!L15) -> Medio | M5: 4 | N5: =IF(Riesgos!N15="","",Riesgos!N15) -> Eduardo Kusar | O5: =IF(Riesgos!O15="","",Riesgos!O15) -> Mitigar | P5: =IF(Riesgos!P15="","",Riesgos!P15) -> Diseñar el modelo de campos dinámicos antes de programar y validar los mockups de planillas con la Product Owner. | Q5: =IF(Riesgos!Q15="","",Riesgos!Q15) -> Revisar en el Burndown Chart el avance de las historias de planillas y los defectos abiertos. | R5: =IF(Riesgos!R15="","",Riesgos!R15) -> Semanal | S5: =IF(Riesgos!S15="","",Riesgos!S15) -> Equipo
A6: =IF(Riesgos!A18="","",Riesgos!A18) -> 46258 | B6: =IF(Riesgos!B18="","",Riesgos!B18) -> GES-002 | C6: =IF(Riesgos!C18="","",Riesgos!C18) -> GESTIÓN DEL PROYECTO | D6: =IF(Riesgos!D18="","",Riesgos!D18) -> GESTION | E6: =IF(Riesgos!E18="","",Riesgos!E18) -> Criterios de aceptación ambiguos o definiciones organizacionales incompletas que generan retrabajo | F6: =IF(Riesgos!F18="","",Riesgos!F18) -> Amenaza | G6: =IF(Riesgos!G18="","",Riesgos!G18) -> Reglas de negocio poco definidas y falta de información validada sobre áreas, jerarquías, responsables y reglas de acceso. | H6: =IF(Riesgos!H18="","",Riesgos!H18) -> Retrabajo en funcionalidades terminadas y menos tiempo para historias nuevas (Objetivos 1 y 3) | ... L6: =IF(Riesgos!L18="","",Riesgos!L18) -> Medio | M6: 4 | N6: =IF(Riesgos!N18="","",Riesgos!N18) -> Nicolás Vidal | O6: =IF(Riesgos!O18="","",Riesgos!O18) -> Mitigar | P6: =IF(Riesgos!P18="","",Riesgos!P18) -> Validar los criterios de aceptación y solicitar las definiciones de áreas, jerarquías, responsables y reglas de acceso antes de implementar los módulos dependientes; registrar los supuestos y acordar una fecha para resolverlos. | Q6: =IF(Riesgos!Q18="","",Riesgos!Q18) -> Revisar semanalmente las definiciones y supuestos pendientes; contar en cada Sprint Review las observaciones que implican retrabajo. | R6: =IF(Riesgos!R18="","",Riesgos!R18) -> Semanal y por sprint | S6: =IF(Riesgos!S18="","",Riesgos!S18) -> Product Owner
A7: =IF(Riesgos!A19="","",Riesgos!A19) -> 46258 | B7: =IF(Riesgos!B19="","",Riesgos!B19) -> TEC-005 | C7: =IF(Riesgos!C19="","",Riesgos!C19) -> PRUEBAS Y CALIDAD | D7: =IF(Riesgos!D19="","",Riesgos!D19) -> TECNICO | E7: =IF(Riesgos!E19="","",Riesgos!E19) -> Regresiones al integrar nuevas funcionalidades | F7: =IF(Riesgos!F19="","",Riesgos!F19) -> Amenaza | G7: =IF(Riesgos!G19="","",Riesgos!G19) -> Cambios en módulos compartidos como flujos, permisos y solicitudes. | H7: =IF(Riesgos!H19="","",Riesgos!H19) -> Funcionalidades ya aceptadas dejan de funcionar (Objetivos 3 y 5) | ... L7: =IF(Riesgos!L19="","",Riesgos!L19) -> Medio | M7: 4 | N7: =IF(Riesgos!N19="","",Riesgos!N19) -> Kevin Soto | O7: =IF(Riesgos!O19="","",Riesgos!O19) -> Mitigar | P7: =IF(Riesgos!P19="","",Riesgos!P19) -> Ejecutar pruebas de regresión al cierre de cada sprint y antes de cada demo, registrando los defectos en el log de incidencias. | Q7: =IF(Riesgos!Q19="","",Riesgos!Q19) -> Revisar el resultado de la regresión y los defectos abiertos. | R7: =IF(Riesgos!R19="","",Riesgos!R19) -> Por sprint | S7: =IF(Riesgos!S19="","",Riesgos!S19) -> Equipo
A8: =IF(Riesgos!A20="","",Riesgos!A20) -> 46258 | B8: =IF(Riesgos!B20="","",Riesgos!B20) -> TEC-006 | C8: =IF(Riesgos!C20="","",Riesgos!C20) -> DESARROLLO FRONTEND | D8: =IF(Riesgos!D20="","",Riesgos!D20) -> TECNICO | E8: =IF(Riesgos!E20="","",Riesgos!E20) -> Desfases en la integración entre frontend y backend | F8: =IF(Riesgos!F20="","",Riesgos!F20) -> Amenaza | G8: =IF(Riesgos!G20="","",Riesgos!G20) -> Desarrollo en paralelo de frontend y backend con especificaciones de API que pueden cambiar. | H8: =IF(Riesgos!H20="","",Riesgos!H20) -> Vistas que no funcionan con los endpoints y retrabajo al integrar (Objetivo 3) | ... L8: =IF(Riesgos!L20="","",Riesgos!L20) -> Medio | M8: 4 | N8: =IF(Riesgos!N20="","",Riesgos!N20) -> Eduardo Kusar | O8: =IF(Riesgos!O20="","",Riesgos!O20) -> Mitigar | P8: =IF(Riesgos!P20="","",Riesgos!P20) -> Definir los contratos de API antes de implementar y usar mocks para que frontend y backend avancen en paralelo. | Q8: =IF(Riesgos!Q20="","",Riesgos!Q20) -> Revisar en las Daily Meetings los cambios a los contratos de API. | R8: =IF(Riesgos!R20="","",Riesgos!R20) -> Semanal | S8: =IF(Riesgos!S20="","",Riesgos!S20) -> Equipo
A9: =IF(Riesgos!A28="","",Riesgos!A28) -> 46258 | B9: =IF(Riesgos!B28="","",Riesgos!B28) -> TEC-009 | C9: =IF(Riesgos!C28="","",Riesgos!C28) -> DESARROLLO FRONTEND | D9: =IF(Riesgos!D28="","",Riesgos!D28) -> TECNICO | E9: =IF(Riesgos!E28="","",Riesgos!E28) -> Complejidad en la integración de Keycloak con React | F9: =IF(Riesgos!F28="","",Riesgos!F28) -> Amenaza | G9: =IF(Riesgos!G28="","",Riesgos!G28) -> Poca experiencia del equipo integrando un proveedor de identidad (Keycloak, OIDC y tokens JWT) con el frontend. | H9: =IF(Riesgos!H28="","",Riesgos!H28) -> Atraso en el inicio de sesión, que es la base de todas las demás funcionalidades (Objetivo 3) | ... L9: =IF(Riesgos!L28="","",Riesgos!L28) -> Medio | M9: 4 | N9: =IF(Riesgos!N28="","",Riesgos!N28) -> Kevin Soto | O9: =IF(Riesgos!O28="","",Riesgos!O28) -> Mitigar | P9: =IF(Riesgos!P28="","",Riesgos!P28) -> Estudiar la documentación de Keycloak al inicio del Sprint 1, partir con una prueba de concepto del inicio de sesión y documentar la configuración en el repositorio. | Q9: =IF(Riesgos!Q28="","",Riesgos!Q28) -> Revisar en las Daily Meetings el avance de la integración del inicio de sesión. | R9: =IF(Riesgos!R28="","",Riesgos!R28) -> Semanal | S9: =IF(Riesgos!S28="","",Riesgos!S28) -> Equipo
A10: =IF(Riesgos!A29="","",Riesgos!A29) -> 46258 | B10: =IF(Riesgos!B29="","",Riesgos!B29) -> TEC-010 | C10: =IF(Riesgos!C29="","",Riesgos!C29) -> DESARROLLO BACKEND | D10: =IF(Riesgos!D29="","",Riesgos!D29) -> TECNICO | E10: =IF(Riesgos!E29="","",Riesgos!E29) -> Pérdida o duplicación de mensajes entre microservicios | F10: =IF(Riesgos!F29="","",Riesgos!F29) -> Amenaza | G10: =IF(Riesgos!G29="","",Riesgos!G29) -> Comunicación asíncrona por cola de mensajes entre el sistema principal y los microservicios de IA y notificaciones. | H10: =IF(Riesgos!H29="","",Riesgos!H29) -> Solicitudes con estados inconsistentes o notificaciones repetidas (Objetivos 3 y 4) | ... L10: =IF(Riesgos!L29="","",Riesgos!L29) -> Medio | M10: 4 | N10: =IF(Riesgos!N29="","",Riesgos!N29) -> Eduardo Kusar | O10: =IF(Riesgos!O29="","",Riesgos!O29) -> Mitigar | P10: =IF(Riesgos!P29="","",Riesgos!P29) -> Usar colas durables con confirmación manual (ack), consumidores idempotentes y una cola de mensajes fallidos (dead-letter) para reprocesarlos. | Q10: =IF(Riesgos!Q29="","",Riesgos!Q29) -> Revisar la cola de mensajes fallidos en cada corrida de pruebas de integración. | R10: =IF(Riesgos!R29="","",Riesgos!R29) -> Por sprint | S10: =IF(Riesgos!S29="","",Riesgos!S29) -> Equipo
A11: =IF(Riesgos!A35="","",Riesgos!A35) -> 46258 | B11: =IF(Riesgos!B35="","",Riesgos!B35) -> GES-004 | C11: =IF(Riesgos!C35="","",Riesgos!C35) -> GESTIÓN DEL PROYECTO | D11: =IF(Riesgos!D35="","",Riesgos!D35) -> GESTION | E11: =IF(Riesgos!E35="","",Riesgos!E35) -> Concentración del conocimiento técnico en un integrante | F11: =IF(Riesgos!F35="","",Riesgos!F35) -> Amenaza | G11: =IF(Riesgos!G35="","",Riesgos!G35) -> Especialización de tareas y falta de transferencia de conocimiento en un equipo de tres personas. | H11: =IF(Riesgos!H35="","",Riesgos!H35) -> Dependencia de un integrante para mantener, demostrar o explicar módulos del sistema (Objetivos 5 y 6) | ... L11: =IF(Riesgos!L35="","",Riesgos!L35) -> Medio | M11: 4 | N11: =IF(Riesgos!N35="","",Riesgos!N35) -> Nicolás Vidal | O11: =IF(Riesgos!O35="","",Riesgos!O35) -> Mitigar | P11: =IF(Riesgos!P35="","",Riesgos!P35) -> Mantener documentación compartida, explicar los módulos al equipo y asignar un integrante de respaldo por componente. | Q11: =IF(Riesgos!Q35="","",Riesgos!Q35) -> Comprobar en cada retrospectiva que el integrante de respaldo pueda levantar y explicar el módulo con la documentación disponible. | R11: =IF(Riesgos!R35="","",Riesgos!R35) -> Por sprint | S11: =IF(Riesgos!S35="","",Riesgos!S35) -> Equipo
A12: =IF(Riesgos!A36="","",Riesgos!A36) -> 46258 | B12: =IF(Riesgos!B36="","",Riesgos!B36) -> EXT-003 | C12: =IF(Riesgos!C36="","",Riesgos!C36) -> GESTIÓN DEL PROYECTO | D12: =IF(Riesgos!D36="","",Riesgos!D36) -> EXTERNO | E12: =IF(Riesgos!E36="","",Riesgos!E36) -> Baja disponibilidad de la Product Owner para validar entregas | F12: =IF(Riesgos!F36="","",Riesgos!F36) -> Amenaza | G12: =IF(Riesgos!G36="","",Riesgos!G36) -> Agenda del cliente y falta de fechas o plazos acordados para revisar incrementos y resolver observaciones. | H12: =IF(Riesgos!H36="","",Riesgos!H36) -> Demoras en la aceptación de historias y el cierre del proyecto (Objetivos 1 y 6) | ... L12: =IF(Riesgos!L36="","",Riesgos!L36) -> Medio | M12: 4 | N12: =IF(Riesgos!N36="","",Riesgos!N36) -> Nicolás Vidal | O12: =IF(Riesgos!O36="","",Riesgos!O36) -> Mitigar | P12: =IF(Riesgos!P36="","",Riesgos!P36) -> Acordar anticipadamente fechas de revisión y plazos para resolver observaciones; enviar el material antes de cada reunión y registrar los acuerdos. | Q12: =IF(Riesgos!Q36="","",Riesgos!Q36) -> Confirmar semanalmente la próxima revisión y controlar las validaciones u observaciones pendientes de respuesta. | R12: =IF(Riesgos!R36="","",Riesgos!R36) -> Semanal | S12: =IF(Riesgos!S36="","",Riesgos!S36) -> Product Owner
A13: =IF(Riesgos!A16="","",Riesgos!A16) -> 46258 | B13: =IF(Riesgos!B16="","",Riesgos!B16) -> TEC-003 | C13: =IF(Riesgos!C16="","",Riesgos!C16) -> INFRAESTRUCTURA | D13: =IF(Riesgos!D16="","",Riesgos!D16) -> TECNICO | E13: =IF(Riesgos!E16="","",Riesgos!E16) -> Fallas del ambiente de demostración durante una presentación | F13: =IF(Riesgos!F16="","",Riesgos!F16) -> Amenaza | G13: =IF(Riesgos!G16="","",Riesgos!G16) -> El sistema completo (varios contenedores) se levantará en los computadores de los integrantes, con posibles diferencias de configuración y dependencia de la red y de servicios externos. | H13: =IF(Riesgos!H16="","",Riesgos!H16) -> No poder mostrar el incremento en los hitos o en la defensa (Objetivo 6) | ... L13: =IF(Riesgos!L16="","",Riesgos!L16) -> Alto | M13: 3 | N13: =IF(Riesgos!N16="","",Riesgos!N16) -> Kevin Soto | O13: =IF(Riesgos!O16="","",Riesgos!O16) -> Mitigar | P13: =IF(Riesgos!P16="","",Riesgos!P16) -> Estandarizar el entorno con Docker Compose y un archivo de variables de ejemplo, ensayar la demo antes de cada hito y tener un segundo computador listo como respaldo. | Q13: =IF(Riesgos!Q16="","",Riesgos!Q16) -> Levantar el sistema completo y revisar la salud de los servicios el día antes de cada presentación. | R13: =IF(Riesgos!R16="","",Riesgos!R16) -> Por hito | S13: =IF(Riesgos!S16="","",Riesgos!S16) -> Equipo
A14: =IF(Riesgos!A22="","",Riesgos!A22) -> 46258 | B14: =IF(Riesgos!B22="","",Riesgos!B22) -> SEG-001 | C14: =IF(Riesgos!C22="","",Riesgos!C22) -> DESARROLLO BACKEND | D14: =IF(Riesgos!D22="","",Riesgos!D22) -> SEGURIDAD | E14: =IF(Riesgos!E22="","",Riesgos!E22) -> Fallas en el aislamiento por área y jerarquía que expongan documentos | F14: =IF(Riesgos!F22="","",Riesgos!F22) -> Amenaza | G14: =IF(Riesgos!G22="","",Riesgos!G22) -> Reglas de permisos complejas (rol, área y jerarquía) aplicadas en varios endpoints. | H14: =IF(Riesgos!H22="","",Riesgos!H22) -> Acceso a documentos de otras áreas y pérdida de confianza del cliente (Objetivo 3) | ... L14: =IF(Riesgos!L22="","",Riesgos!L22) -> Alto | M14: 3 | N14: =IF(Riesgos!N22="","",Riesgos!N22) -> Kevin Soto | O14: =IF(Riesgos!O22="","",Riesgos!O22) -> Mitigar | P14: =IF(Riesgos!P22="","",Riesgos!P22) -> Probar cada permiso por interfaz y por API con casos permitidos y denegados, a partir de una matriz de roles y permisos. | Q14: =IF(Riesgos!Q22="","",Riesgos!Q22) -> Revisar el resultado de las pruebas de permisos en cada regresión. | R14: =IF(Riesgos!R22="","",Riesgos!R22) -> Por sprint | S14: =IF(Riesgos!S22="","",Riesgos!S22) -> Product Owner
A15: =IF(Riesgos!A23="","",Riesgos!A23) -> 46258 | B15: =IF(Riesgos!B23="","",Riesgos!B23) -> SEG-002 | C15: =IF(Riesgos!C23="","",Riesgos!C23) -> DESARROLLO BACKEND | D15: =IF(Riesgos!D23="","",Riesgos!D23) -> SEGURIDAD | E15: =IF(Riesgos!E23="","",Riesgos!E23) -> Acceso no autorizado a cuentas de usuario | F15: =IF(Riesgos!F23="","",Riesgos!F23) -> Amenaza | G15: =IF(Riesgos!G23="","",Riesgos!G23) -> Contraseñas débiles o intentos repetidos de inicio de sesión. | H15: =IF(Riesgos!H23="","",Riesgos!H23) -> Exposición de solicitudes y documentos internos (Objetivo 3) | ... L15: =IF(Riesgos!L23="","",Riesgos!L23) -> Alto | M15: 3 | N15: =IF(Riesgos!N23="","",Riesgos!N23) -> Kevin Soto | O15: =IF(Riesgos!O23="","",Riesgos!O23) -> Mitigar | P15: =IF(Riesgos!P23="","",Riesgos!P23) -> Implementar el bloqueo de 30 minutos tras 4 intentos fallidos, una política de contraseñas en Keycloak y la auditoría de inicios de sesión. | Q15: =IF(Riesgos!Q23="","",Riesgos!Q23) -> Revisar los inicios de sesión fallidos registrados en la auditoría. | R15: =IF(Riesgos!R23="","",Riesgos!R23) -> Mensual | S15: =IF(Riesgos!S23="","",Riesgos!S23) -> Equipo
A16: =IF(Riesgos!A24="","",Riesgos!A24) -> 46258 | B16: =IF(Riesgos!B24="","",Riesgos!B24) -> SEG-003 | C16: =IF(Riesgos!C24="","",Riesgos!C24) -> INFRAESTRUCTURA | D16: =IF(Riesgos!D24="","",Riesgos!D24) -> SEGURIDAD | E16: =IF(Riesgos!E24="","",Riesgos!E24) -> Exposición de credenciales o claves de API en el repositorio | F16: =IF(Riesgos!F24="","",Riesgos!F24) -> Amenaza | G16: =IF(Riesgos!G24="","",Riesgos!G24) -> Archivos de configuración con secretos de servicios externos (.env). | H16: =IF(Riesgos!H24="","",Riesgos!H24) -> Uso indebido de servicios externos y costos no previstos (Objetivo 6) | ... L16: =IF(Riesgos!L24="","",Riesgos!L24) -> Alto | M16: 3 | N16: =IF(Riesgos!N24="","",Riesgos!N24) -> Eduardo Kusar | O16: =IF(Riesgos!O24="","",Riesgos!O24) -> Evitar | P16: =IF(Riesgos!P24="","",Riesgos!P24) -> Mantener los secretos solo en .env (ignorado por git), dejar valores de ejemplo en .env.example y revisar antes de cada entrega. | Q16: =IF(Riesgos!Q24="","",Riesgos!Q24) -> Revisar el repositorio en busca de secretos antes de cada entrega. | R16: =IF(Riesgos!R24="","",Riesgos!R24) -> Por hito | S16: =IF(Riesgos!S24="","",Riesgos!S24) -> Equipo
A17: =IF(Riesgos!A25="","",Riesgos!A25) -> 46258 | B17: =IF(Riesgos!B25="","",Riesgos!B25) -> LEG-001 | C17: =IF(Riesgos!C25="","",Riesgos!C25) -> DESPLIEGUE Y CIERRE | D17: =IF(Riesgos!D25="","",Riesgos!D25) -> LEGAL | E17: =IF(Riesgos!E25="","",Riesgos!E25) -> Manejo de datos personales (RUT y correos) sin resguardos suficientes | F17: =IF(Riesgos!F25="","",Riesgos!F25) -> Amenaza | G17: =IF(Riesgos!G25="","",Riesgos!G25) -> El sistema almacena datos personales de los usuarios del cliente. | H17: =IF(Riesgos!H25="","",Riesgos!H25) -> Incumplimiento de la Ley 19.628 de Protección de Datos Personales y pérdida de confianza del cliente (Objetivos 2 y 3) | ... L17: =IF(Riesgos!L25="","",Riesgos!L25) -> Alto | M17: 3 | N17: =IF(Riesgos!N25="","",Riesgos!N25) -> Eduardo Kusar | O17: =IF(Riesgos!O25="","",Riesgos!O25) -> Mitigar | P17: =IF(Riesgos!P25="","",Riesgos!P25) -> Usar solo datos de prueba ficticios, restringir el acceso por rol y no copiar datos reales a los ambientes de prueba. | Q17: =IF(Riesgos!Q25="","",Riesgos!Q25) -> Verificar antes de cada demostración que el ambiente no tenga datos reales. | R17: =IF(Riesgos!R25="","",Riesgos!R25) -> Por hito | S17: =IF(Riesgos!S25="","",Riesgos!S25) -> Product Owner
A18: =IF(Riesgos!A31="","",Riesgos!A31) -> 46258 | B18: =IF(Riesgos!B31="","",Riesgos!B31) -> SEG-004 | C18: =IF(Riesgos!C31="","",Riesgos!C31) -> DESARROLLO BACKEND | D18: =IF(Riesgos!D31="","",Riesgos!D31) -> SEGURIDAD | E18: =IF(Riesgos!E31="","",Riesgos!E31) -> Carga de archivos maliciosos o de tamaño excesivo | F18: =IF(Riesgos!F31="","",Riesgos!F31) -> Amenaza | G18: =IF(Riesgos!G31="","",Riesgos!G31) -> El sistema recibe documentos adjuntos subidos por los usuarios. | H18: =IF(Riesgos!H31="","",Riesgos!H31) -> Almacenamiento comprometido o servicio sin recursos (Objetivos 2 y 3) | ... L18: =IF(Riesgos!L31="","",Riesgos!L31) -> Alto | M18: 3 | N18: =IF(Riesgos!N31="","",Riesgos!N31) -> Kevin Soto | O18: =IF(Riesgos!O31="","",Riesgos!O31) -> Mitigar | P18: =IF(Riesgos!P31="","",Riesgos!P31) -> Validar el tipo real del archivo (MIME) y su extensión, limitar el tamaño, guardarlo en almacenamiento de objetos con nombre generado y permitir la descarga solo a usuarios autorizados. | Q18: =IF(Riesgos!Q31="","",Riesgos!Q31) -> Incluir en las pruebas de seguridad la carga de archivos no permitidos y de gran tamaño. | R18: =IF(Riesgos!R31="","",Riesgos!R31) -> Por sprint | S18: =IF(Riesgos!S31="","",Riesgos!S31) -> Equipo
A19: =IF(Riesgos!A32="","",Riesgos!A32) -> 46258 | B19: =IF(Riesgos!B32="","",Riesgos!B32) -> SEG-005 | C19: =IF(Riesgos!C32="","",Riesgos!C32) -> INTEGRACIÓN IA | D19: =IF(Riesgos!D32="","",Riesgos!D32) -> SEGURIDAD | E19: =IF(Riesgos!E32="","",Riesgos!E32) -> Exposición de datos sensibles o manipulación del prompt en el servicio de IA | F19: =IF(Riesgos!F32="","",Riesgos!F32) -> Amenaza | G19: =IF(Riesgos!G32="","",Riesgos!G32) -> El contenido de los documentos se envía a un modelo de IA externo como parte del prompt. | H19: =IF(Riesgos!H32="","",Riesgos!H32) -> Datos del cliente expuestos a un tercero o evaluaciones alteradas (Objetivo 4) | ... L19: =IF(Riesgos!L32="","",Riesgos!L32) -> Alto | M19: 3 | N19: =IF(Riesgos!N32="","",Riesgos!N32) -> Eduardo Kusar | O19: =IF(Riesgos!O32="","",Riesgos!O32) -> Mitigar | P19: =IF(Riesgos!P32="","",Riesgos!P32) -> Enviar solo los campos necesarios, enmascarar RUT y correos, separar las instrucciones del contenido del documento y validar la respuesta contra un esquema JSON. | Q19: =IF(Riesgos!Q32="","",Riesgos!Q32) -> Revisar en las pruebas de IA qué datos se envían al proveedor y si las respuestas cumplen el esquema. | R19: =IF(Riesgos!R32="","",Riesgos!R32) -> Por sprint | S19: =IF(Riesgos!S32="","",Riesgos!S32) -> Equipo
A20: =IF(Riesgos!A17="","",Riesgos!A17) -> 46258 | B20: =IF(Riesgos!B17="","",Riesgos!B17) -> TEC-004 | C20: =IF(Riesgos!C17="","",Riesgos!C17) -> INTEGRACIÓN IA | D20: =IF(Riesgos!D17="","",Riesgos!D17) -> TECNICO | E20: =IF(Riesgos!E17="","",Riesgos!E17) -> Aceptación de sugerencias de la IA sin verificación del revisor | F20: =IF(Riesgos!F17="","",Riesgos!F17) -> Amenaza | G20: =IF(Riesgos!G17="","",Riesgos!G17) -> Confianza excesiva en la evaluación automática de las solicitudes. | H20: =IF(Riesgos!H17="","",Riesgos!H17) -> Aprobación de documentos incorrectos (Objetivos 3 y 4) | ... L20: =IF(Riesgos!L17="","",Riesgos!L17) -> Medio | M20: 2 | N20: =IF(Riesgos!N17="","",Riesgos!N17) -> Nicolás Vidal | O20: =IF(Riesgos!O17="","",Riesgos!O17) -> Mitigar | P20: =IF(Riesgos!P17="","",Riesgos!P17) -> Mostrar claramente que la decisión es del revisor, exigir su confirmación y nunca aprobar de forma automática. | Q20: =IF(Riesgos!Q17="","",Riesgos!Q17) -> Verificar en las pruebas de aceptación que ninguna decisión se tome sin el revisor. | R20: =IF(Riesgos!R17="","",Riesgos!R17) -> Por sprint | S20: =IF(Riesgos!S17="","",Riesgos!S17) -> Product Owner
A21: =IF(Riesgos!A21="","",Riesgos!A21) -> 46258 | B21: =IF(Riesgos!B21="","",Riesgos!B21) -> TEC-007 | C21: =IF(Riesgos!C21="","",Riesgos!C21) -> PRUEBAS Y CALIDAD | D21: =IF(Riesgos!D21="","",Riesgos!D21) -> TECNICO | E21: =IF(Riesgos!E21="","",Riesgos!E21) -> Rendimiento insuficiente con varios usuarios simultáneos | F21: =IF(Riesgos!F21="","",Riesgos!F21) -> Amenaza | G21: =IF(Riesgos!G21="","",Riesgos!G21) -> El rendimiento de búsquedas, registros y descargas solo podrá medirse con el sistema integrado. | H21: =IF(Riesgos!H21="","",Riesgos!H21) -> Respuestas lentas en la demo o en el uso real (Objetivo 5) | ... L21: =IF(Riesgos!L21="","",Riesgos!L21) -> Medio | M21: 2 | N21: =IF(Riesgos!N21="","",Riesgos!N21) -> Kevin Soto | O21: =IF(Riesgos!O21="","",Riesgos!O21) -> Mitigar | P21: =IF(Riesgos!P21="","",Riesgos!P21) -> Ejecutar pruebas de carga y estrés con Apache JMeter antes del cierre y optimizar las consultas lentas. | Q21: =IF(Riesgos!Q21="","",Riesgos!Q21) -> Comparar los tiempos de respuesta con el objetivo de 2 segundos. | R21: =IF(Riesgos!R21="","",Riesgos!R21) -> Una vez (Fase 3) | S21: =IF(Riesgos!S21="","",Riesgos!S21) -> Equipo
A22: =IF(Riesgos!A26="","",Riesgos!A26) -> 46258 | B22: =IF(Riesgos!B26="","",Riesgos!B26) -> TEC-008 | C22: =IF(Riesgos!C26="","",Riesgos!C26) -> INFRAESTRUCTURA | D22: =IF(Riesgos!D26="","",Riesgos!D26) -> TECNICO | E22: =IF(Riesgos!E26="","",Riesgos!E26) -> Pérdida de datos o configuración en los equipos locales | F22: =IF(Riesgos!F26="","",Riesgos!F26) -> Amenaza | G22: =IF(Riesgos!G26="","",Riesgos!G26) -> Datos de prueba y configuración del ambiente guardados solo en los computadores de los integrantes. | H22: =IF(Riesgos!H26="","",Riesgos!H26) -> Pérdida de datos de demostración y de evidencias de pruebas (Objetivo 5) | ... L22: =IF(Riesgos!L26="","",Riesgos!L26) -> Medio | M22: 2 | N22: =IF(Riesgos!N26="","",Riesgos!N26) -> Eduardo Kusar | O22: =IF(Riesgos!O26="","",Riesgos!O26) -> Mitigar | P22: =IF(Riesgos!P26="","",Riesgos!P26) -> Mantener el código y la configuración en GitHub y versionar los scripts de datos de prueba para recrear el ambiente. | Q22: =IF(Riesgos!Q26="","",Riesgos!Q26) -> Verificar al inicio de cada sprint que el ambiente se pueda recrear desde el repositorio. | R22: =IF(Riesgos!R26="","",Riesgos!R26) -> Por sprint | S22: =IF(Riesgos!S26="","",Riesgos!S26) -> Equipo
A23: =IF(Riesgos!A27="","",Riesgos!A27) -> 46258 | B23: =IF(Riesgos!B27="","",Riesgos!B27) -> EXT-002 | C23: =IF(Riesgos!C27="","",Riesgos!C27) -> DESARROLLO BACKEND | D23: =IF(Riesgos!D27="","",Riesgos!D27) -> EXTERNO | E23: =IF(Riesgos!E27="","",Riesgos!E27) -> Bloqueos o indisponibilidad del servicio de correo de Masterbase | F23: =IF(Riesgos!F27="","",Riesgos!F27) -> Amenaza | G23: =IF(Riesgos!G27="","",Riesgos!G27) -> Las notificaciones dependen de la API de envío de correos de Masterbase. | H23: =IF(Riesgos!H27="","",Riesgos!H27) -> Los usuarios no reciben las alertas de cambios de estado (Objetivo 3) | ... L23: =IF(Riesgos!L27="","",Riesgos!L27) -> Bajo | M23: 2 | N23: =IF(Riesgos!N27="","",Riesgos!N27) -> Eduardo Kusar | O23: =IF(Riesgos!O27="","",Riesgos!O27) -> Mitigar | P23: =IF(Riesgos!P27="","",Riesgos!P27) -> Enviar los correos desde un microservicio de notificaciones desacoplado y con reintentos, y mantener las notificaciones dentro del sistema como respaldo. | Q23: =IF(Riesgos!Q27="","",Riesgos!Q27) -> Revisar los envíos fallidos en cada sprint. | R23: =IF(Riesgos!R27="","",Riesgos!R27) -> Por sprint | S23: =IF(Riesgos!S27="","",Riesgos!S27) -> Equipo
A24: =IF(Riesgos!A30="","",Riesgos!A30) -> 46258 | B24: =IF(Riesgos!B30="","",Riesgos!B30) -> TEC-011 | C24: =IF(Riesgos!C30="","",Riesgos!C30) -> DESARROLLO BACKEND | D24: =IF(Riesgos!D30="","",Riesgos!D30) -> TECNICO | E24: =IF(Riesgos!E30="","",Riesgos!E30) -> Decisiones concurrentes sobre una misma solicitud | F24: =IF(Riesgos!F30="","",Riesgos!F30) -> Amenaza | G24: =IF(Riesgos!G30="","",Riesgos!G30) -> Varios revisores pueden actuar sobre la misma etapa del flujo de aprobación al mismo tiempo. | H24: =IF(Riesgos!H30="","",Riesgos!H30) -> Solicitudes en estados inválidos o etapas del flujo omitidas (Objetivo 3) | ... L24: =IF(Riesgos!L30="","",Riesgos!L30) -> Medio | M24: 2 | N24: =IF(Riesgos!N30="","",Riesgos!N30) -> Eduardo Kusar | O24: =IF(Riesgos!O30="","",Riesgos!O30) -> Mitigar | P24: =IF(Riesgos!P30="","",Riesgos!P30) -> Aplicar bloqueo optimista con versión en la entidad, validar cada transición de estado en el backend y agregar pruebas de concurrencia. | Q24: =IF(Riesgos!Q30="","",Riesgos!Q30) -> Revisar el resultado de las pruebas de concurrencia del flujo. | R24: =IF(Riesgos!R30="","",Riesgos!R30) -> Por sprint | S24: =IF(Riesgos!S30="","",Riesgos!S30) -> Equipo
A25: =IF(Riesgos!A33="","",Riesgos!A33) -> 46258 | B25: =IF(Riesgos!B33="","",Riesgos!B33) -> TEC-012 | C25: =IF(Riesgos!C33="","",Riesgos!C33) -> DESARROLLO BACKEND | D25: =IF(Riesgos!D33="","",Riesgos!D33) -> TECNICO | E25: =IF(Riesgos!E33="","",Riesgos!E33) -> Errores en la evolución del esquema de base de datos | F25: =IF(Riesgos!F33="","",Riesgos!F33) -> Amenaza | G25: =IF(Riesgos!G33="","",Riesgos!G33) -> Modelo de datos que cambiará en cada sprint (flujos, áreas, planillas). | H25: =IF(Riesgos!H33="","",Riesgos!H33) -> Pérdida de datos o ambientes con esquemas distintos (Objetivo 2) | ... S25: =IF(Riesgos!S33="","",Riesgos!S33) -> Equipo
A26: =IF(Riesgos!A34="","",Riesgos!A34) -> 46258 | B26: =IF(Riesgos!B34="","",Riesgos!B34) -> TEC-013 | C26: =IF(Riesgos!C34="","",Riesgos!C34) -> DESARROLLO FRONTEND | D26: =IF(Riesgos!D34="","",Riesgos!D34) -> TECNICO | E26: =IF(Riesgos!E34="","",Riesgos!E34) -> Expiración del token de sesión durante una operación | F26: =IF(Riesgos!F34="","",Riesgos!F34) -> Amenaza | G26: =IF(Riesgos!G34="","",Riesgos!G34) -> Autenticación con tokens JWT de duración limitada emitidos por Keycloak. | H26: =IF(Riesgos!H34="","",Riesgos!H34) -> Pérdida de la información ingresada por el usuario (Objetivo 3) | ... S26: =IF(Riesgos!S34="","",Riesgos!S34) -> Equipo
A27: 46258 | B27: TEC-013 | C27: DESARROLLO FRONTEND | D27: TECNICO | E27: Expiración del token de sesión durante una operación | F27: Amenaza | G27: Autenticación con tokens JWT de duración limitada emitidos por Keycloak. | H27: Pérdida de la información ingresada por el usuario (Objetivo 3) | I27: Durante el registro de una solicitud, debido a que el token expira, el envío podría ser rechazado y el usuario perder lo ingresado. | K27: Baja | L27: Medio | M27: 2 | N27: Kevin Soto | O27: Mitigar | P27: Renovar el token automáticamente con el refresh token y manejar las respuestas 401 en el frontend sin perder el formulario. | Q27: Probar formularios largos con tokens de corta duración. | R27: Por sprint | S27: Equipo
