Workbook

Sheet Resumen
B1: Cobertura de criterios de aceptación
B2: Generado el 18-10-2026, 10:27:54 p. m. por tests/e2e/scripts/generar-matriz.js. No editar a mano: se sobrescribe en cada ejecución.
B4: Alcance | C4: N° criterios | D4: Cubiertos | E4: % cobertura
B5: Sprint 1 | C5: =COUNTIF('Matriz'!$A$4:$A$196,"Sprint 1") | D5: =COUNTIFS('Matriz'!$A$4:$A$196,"Sprint 1",'Matriz'!$F$4:$F$196,1) | E5: =IF(C5=0,0,D5/C5)
B6: Sprint 2 | C6: =COUNTIF('Matriz'!$A$4:$A$196,"Sprint 2") | D6: =COUNTIFS('Matriz'!$A$4:$A$196,"Sprint 2",'Matriz'!$F$4:$F$196,1) | E6: =IF(C6=0,0,D6/C6)
B7: Sprint 3 | C7: =COUNTIF('Matriz'!$A$4:$A$196,"Sprint 3") | D7: =COUNTIFS('Matriz'!$A$4:$A$196,"Sprint 3",'Matriz'!$F$4:$F$196,1) | E7: =IF(C7=0,0,D7/C7)
B8: Total | C8: =SUM(C5:C7) | D8: =SUM(D5:D7) | E8: =IF(C8=0,0,D8/C8)
B10: Cobertura por historia de usuario
B11: Sprint | C11: Historia de usuario | D11: N° criterios | E11: Cubiertos | F11: % cobertura | G11: Marcas en la matriz
B12: Sprint 1 | C12: US-01 Iniciar Sesion | D12: =COUNTIF('Matriz'!$B$4:$B$196,C12) | E12: =COUNTIFS('Matriz'!$B$4:$B$196,C12,'Matriz'!$F$4:$F$196,1) | F12: =IF(D12=0,0,E12/D12) | G12: =SUMIF('Matriz'!$B$4:$B$196,C12,'Matriz'!$E$4:$E$196)
B13: Sprint 1 | C13: US-02 Cerrar Sesion | D13: =COUNTIF('Matriz'!$B$4:$B$196,C13) | E13: =COUNTIFS('Matriz'!$B$4:$B$196,C13,'Matriz'!$F$4:$F$196,1) | F13: =IF(D13=0,0,E13/D13) | G13: =SUMIF('Matriz'!$B$4:$B$196,C13,'Matriz'!$E$4:$E$196)
B14: Sprint 1 | C14: US-03 Gestionar usuarios | D14: =COUNTIF('Matriz'!$B$4:$B$196,C14) | E14: =COUNTIFS('Matriz'!$B$4:$B$196,C14,'Matriz'!$F$4:$F$196,1) | F14: =IF(D14=0,0,E14/D14) | G14: =SUMIF('Matriz'!$B$4:$B$196,C14,'Matriz'!$E$4:$E$196)
B15: Sprint 1 | C15: US-04 Registrar documento sin planilla (Emisor) | D15: =COUNTIF('Matriz'!$B$4:$B$196,C15) | E15: =COUNTIFS('Matriz'!$B$4:$B$196,C15,'Matriz'!$F$4:$F$196,1) | F15: =IF(D15=0,0,E15/D15) | G15: =SUMIF('Matriz'!$B$4:$B$196,C15,'Matriz'!$E$4:$E$196)
B16: Sprint 1 | C16: US-05 Ver revisiones pendiente (Revisor) | D16: =COUNTIF('Matriz'!$B$4:$B$196,C16) | E16: =COUNTIFS('Matriz'!$B$4:$B$196,C16,'Matriz'!$F$4:$F$196,1) | F16: =IF(D16=0,0,E16/D16) | G16: =SUMIF('Matriz'!$B$4:$B$196,C16,'Matriz'!$E$4:$E$196)
B17: Sprint 1 | C17: US-06 Aprobar documento (Revisor) | D17: =COUNTIF('Matriz'!$B$4:$B$196,C17) | E17: =COUNTIFS('Matriz'!$B$4:$B$196,C17,'Matriz'!$F$4:$F$196,1) | F17: =IF(D17=0,0,E17/D17) | G17: =SUMIF('Matriz'!$B$4:$B$196,C17,'Matriz'!$E$4:$E$196)
B18: Sprint 1 | C18: US-07 Rechazar documento (Revisor) | D18: =COUNTIF('Matriz'!$B$4:$B$196,C18) | E18: =COUNTIFS('Matriz'!$B$4:$B$196,C18,'Matriz'!$F$4:$F$196,1) | F18: =IF(D18=0,0,E18/D18) | G18: =SUMIF('Matriz'!$B$4:$B$196,C18,'Matriz'!$E$4:$E$196)
B19: Sprint 1 | C19: US-08 Solicitar correccion a documento (Revisor) | D19: =COUNTIF('Matriz'!$B$4:$B$196,C19) | E19: =COUNTIFS('Matriz'!$B$4:$B$196,C19,'Matriz'!$F$4:$F$196,1) | F19: =IF(D19=0,0,E19/D19) | G19: =SUMIF('Matriz'!$B$4:$B$196,C19,'Matriz'!$E$4:$E$196)
B20: Sprint 1 | C20: US-09 Ver observaciones del revisor (emisor) | D20: =COUNTIF('Matriz'!$B$4:$B$196,C20) | E20: =COUNTIFS('Matriz'!$B$4:$B$196,C20,'Matriz'!$F$4:$F$196,1) | F20: =IF(D20=0,0,E20/D20) | G20: =SUMIF('Matriz'!$B$4:$B$196,C20,'Matriz'!$E$4:$E$196)
B21: Sprint 1 | C21: US-10 Corregir documento (Emisor) | D21: =COUNTIF('Matriz'!$B$4:$B$196,C21) | E21: =COUNTIFS('Matriz'!$B$4:$B$196,C21,'Matriz'!$F$4:$F$196,1) | F21: =IF(D21=0,0,E21/D21) | G21: =SUMIF('Matriz'!$B$4:$B$196,C21,'Matriz'!$E$4:$E$196)
B22: Sprint 1 | C22: US-11 Consultar historial de flujos | D22: =COUNTIF('Matriz'!$B$4:$B$196,C22) | E22: =COUNTIFS('Matriz'!$B$4:$B$196,C22,'Matriz'!$F$4:$F$196,1) | F22: =IF(D22=0,0,E22/D22) | G22: =SUMIF('Matriz'!$B$4:$B$196,C22,'Matriz'!$E$4:$E$196)
B23: Sprint 1 | C23: US-12 Revisar notificaciones en bandeja de entrada | D23: =COUNTIF('Matriz'!$B$4:$B$196,C23) | E23: =COUNTIFS('Matriz'!$B$4:$B$196,C23,'Matriz'!$F$4:$F$196,1) | F23: =IF(D23=0,0,E23/D23) | G23: =SUMIF('Matriz'!$B$4:$B$196,C23,'Matriz'!$E$4:$E$196)
... B47: Sprint 3 | C47: US-36 Notificaciones diferenciadas por rol y evento | D47: =COUNTIF('Matriz'!$B$4:$B$196,C47) | E47: =COUNTIFS('Matriz'!$B$4:$B$196,C47,'Matriz'!$F$4:$F$196,1) | F47: =IF(D47=0,0,E47/D47) | G47: =SUMIF('Matriz'!$B$4:$B$196,C47,'Matriz'!$E$4:$E$196)

Sheet Matriz
A1: Matriz de trazabilidad — Criterios de aceptación × Casos de prueba
A2: 1 = el caso de prueba declara verificar el criterio (etiqueta [US-xx CA yy.z] en el título del test). No considera el estado de ejecución. Columnas en naranja: test sin caso (CP) en el Excel de casos. Pasa el cursor sobre un encabezado para ver el test.
A3: Sprint | B3: Historia de usuario | C3: CA | D3: Criterio de aceptación | E3: N° casos | F3: Cubierto | G3: CP-AUTH-01 | H3: CP-AUTH-02 | I3: CP-AUTH-03 | J3: CP-AUTH-04 | K3: CP-AUTH-05 | L3: CP-AUTH-06 | M3: CP-AUTH-07 | N3: CP-USER-01 | O3: CP-USER-02 | P3: CP-USER-03 | Q3: CP-USER-04 | R3: CP-USER-05 | S3: CP-USER-06 | T3: CP-DOC-01 | U3: CP-DOC-02 | V3: CP-DOC-03 | W3: CP-DOC-04 | X3: CP-REV-01 | Y3: CP-REV-02 | Z3: CP-REV-03 | AA3: CP-DEC-01 | AB3: CP-INV-01 | AC3: CP-REV-04 | AD3: CP-DEC-02 | AE3: CP-DEC-03 | AF3: CP-DEC-04 | AG3: CP-REV-05 | AH3: CP-FLUJO-01 | AI3: CP-DEC-05 | AJ3: CP-DEC-06 | AK3: CP-REV-06 | AL3: CP-FLUJO-02 | AM3: CP-OBS-01 | AN3: CP-OBS-02 | AO3: CP-OBS-03 | AP3: CP-FLUJO-03 | AQ3: CP-CORR-01 | AR3: CP-CORR-02 | AS3: CP-CORR-03 | AT3: CP-CORR-04 | AU3: CP-CORR-05 | AV3: CP-HIST-01 | AW3: CP-HIST-02 | AX3: CP-HIST-03 | AY3: CP-HIST-04 | AZ3: CP-NOTIF-01 | BA3: CP-NOTIF-02 | BB3: CP-NOTIF-03 | BC3: CP-NOTIF-04 | BD3: CP-RUT-01 | BE3: CP-RUT-02 | BF3: CP-RUT-03 | BG3: CP-RUT-04 | BH3: CP-RUT-05 | BI3: CP-RUT-06 | BJ3: CP-ORG-01 | BK3: CP-ORG-02 | BL3: CP-ORG-03 | BM3: CP-ORG-04 | BN3: CP-ORG-05 | BO3: CP-ORG-06 | BP3: CP-ORG-07 | BQ3: CP-ORG-08 | BR3: CP-FLOW-01 | BS3: CP-FLOW-02 | BT3: CP-FLOW-03 | BU3: CP-FLOW-04 | BV3: CP-FLOW-05 | BW3: CP-FLOW-06 | BX3: CP-FLOW-07 | BY3: CP-FLOW-08 | BZ3: CP-ACC-01 | CA3: CP-ACC-02 | CB3: CP-ACC-03 | CC3: CP-ACC-04 | CD3: CP-ACC-05 | CE3: CP-ACC-06 | CF3: CP-ACC-07 | CG3: CP-ACC-08 | CH3: CP-ACC-09 | CI3: CP-SLA-01 | CJ3: CP-SLA-02 | CK3: CP-SLA-03 | CL3: CP-SLA-04 | CM3: CP-SLA-05 | CN3: CP-SLA-06 | CO3: CP-SLA-07 | CP3: CP-SLA-08 | CQ3: CP-INV-02 | CR3: CP-INV-03 | CS3: CP-INV-04 | CT3: CP-INV-05 | CU3: CP-INV-06 | CV3: CP-INV-07 | CW3: CP-INV-08 | CX3: CP-INV-09 | CY3: CP-INV-10 | CZ3: CP-INV-11 | DA3: CP-INV-12 | DB3: CP-FLUJO-07 | DC3: CP-ACC-10 | DD3: CP-ACC-11 | DE3: CP-ACC-12 | DF3: CP-PASS-01 | DG3: CP-PASS-02 | DH3: CP-PASS-03 | DI3: CP-PASS-04 | DJ3: CP-PASS-05 | DK3: CP-DASH-05 | DL3: CP-DASH-06 | DM3: CP-DASH-07 | DN3: CP-ACC-13 | DO3: CP-DASH-08 | DP3: CP-PASS-06 | DQ3: CP-AUTH-08 | DR3: CP-AUTH-09 | DS3: CP-USER-07 | DT3: CP-USER-08 | DU3: CP-USER-09 | DV3: CP-USER-10 | DW3: CP-DASH-01 | DX3: CP-DASH-02 | DY3: CP-DASH-03 | DZ3: CP-DASH-04 | EA3: CP-FLOW-09 | EB3: CP-FLUJO-04 | EC3: CP-FLUJO-05 | ED3: CP-FLUJO-06 | EE3: CP-REV-07 | EF3: CP-REV-08
A4: Sprint 1 | B4: US-01 Iniciar Sesion | C4: CA 01.1 | D4: nombre de usuario solo en formato correos | E4: =SUM(G4:EF4) | F4: =IF(E4>0,1,0) | G4: 1 | H4: 0 | I4: 0 | J4: 0 | K4: 0 | L4: 0 | M4: 0 | N4: 0 | O4: 0 | P4: 0 | Q4: 0 | R4: 0 | S4: 0 | T4: 0 | U4: 0 | V4: 0 | W4: 0 | X4: 0 | Y4: 0 | Z4: 0 | AA4: 0 | AB4: 0 | AC4: 0 | AD4: 0 | AE4: 0 | AF4: 0 | AG4: 0 | AH4: 0 | AI4: 0 | AJ4: 0 | AK4: 0 | AL4: 0 | AM4: 0 | AN4: 0 | AO4: 0 | AP4: 0 | AQ4: 0 | AR4: 0 | AS4: 0 | AT4: 0 | AU4: 0 | AV4: 0 | AW4: 0 | AX4: 0 | AY4: 0 | AZ4: 0 | BA4: 0 | BB4: 0 | BC4: 0 | BD4: 0 | BE4: 0 | BF4: 0 | BG4: 0 | BH4: 0 | BI4: 0 | BJ4: 0 | BK4: 0 | BL4: 0 | BM4: 0 | BN4: 0 | BO4: 0 | BP4: 0 | BQ4: 0 | BR4: 0 | BS4: 0 | BT4: 0 | BU4: 0 | BV4: 0 | BW4: 0 | BX4: 0 | BY4: 0 | BZ4: 0 | CA4: 0 | CB4: 0 | CC4: 0 | CD4: 0 | CE4: 0 | CF4: 0 | CG4: 0 | CH4: 0 | CI4: 0 | CJ4: 0 | CK4: 0 | CL4: 0 | CM4: 0 | CN4: 0 | CO4: 0 | CP4: 0 | CQ4: 0 | CR4: 0 | CS4: 0 | CT4: 0 | CU4: 0 | CV4: 0 | CW4: 0 | CX4: 0 | CY4: 0 | CZ4: 0 | DA4: 0 | DB4: 0 | DC4: 0 | DD4: 0 | DE4: 0 | DF4: 0 | DG4: 0 | DH4: 0 | DI4: 0 | DJ4: 0 | DK4: 0 | DL4: 0 | DM4: 0 | DN4: 0 | DO4: 0 | DP4: 0 | DQ4: 0 | DR4: 0 | DS4: 0 | DT4: 0 | DU4: 0 | DV4: 0 | DW4: 0 | DX4: 0 | DY4: 0 | DZ4: 0 | EA4: 0 | EB4: 0 | EC4: 0 | ED4: 0 | EE4: 0 | EF4: 0
A5: Sprint 1 | B5: US-01 Iniciar Sesion | C5: CA 01.2 | D5: si credenciales son invalidas, mostrar un mensaje: “Credenciales inválidas, inténtelo de nuevo.” (texto actualizado el 18-10-2026 por decisión del equipo: se adopta el mensaje del tema de Keycloak) | E5: =SUM(G5:EF5) | F5: =IF(E5>0,1,0) | G5: 0 | H5: 1 | I5: 0 | J5: 0 | K5: 0 | L5: 0 | M5: 0 | N5: 0 | O5: 0 | P5: 0 | Q5: 0 | R5: 0 | S5: 0 | T5: 0 | U5: 0 | V5: 0 | W5: 0 | X5: 0 | Y5: 0 | Z5: 0 | AA5: 0 | AB5: 0 | AC5: 0 | AD5: 0 | AE5: 0 | AF5: 0 | AG5: 0 | AH5: 0 | AI5: 0 | AJ5: 0 | AK5: 0 | AL5: 0 | AM5: 0 | AN5: 0 | AO5: 0 | AP5: 0 | AQ5: 0 | AR5: 0 | AS5: 0 | AT5: 0 | AU5: 0 | AV5: 0 | AW5: 0 | AX5: 0 | AY5: 0 | AZ5: 0 | BA5: 0 | BB5: 0 | BC5: 0 | BD5: 0 | BE5: 0 | BF5: 0 | BG5: 0 | BH5: 0 | BI5: 0 | BJ5: 0 | BK5: 0 | BL5: 0 | BM5: 0 | BN5: 0 | BO5: 0 | BP5: 0 | BQ5: 0 | BR5: 0 | BS5: 0 | BT5: 0 | BU5: 0 | BV5: 0 | BW5: 0 | BX5: 0 | BY5: 0 | BZ5: 0 | CA5: 0 | CB5: 0 | CC5: 0 | CD5: 0 | CE5: 0 | CF5: 0 | CG5: 0 | CH5: 0 | CI5: 0 | CJ5: 0 | CK5: 0 | CL5: 0 | CM5: 0 | CN5: 0 | CO5: 0 | CP5: 0 | CQ5: 0 | CR5: 0 | CS5: 0 | CT5: 0 | CU5: 0 | CV5: 0 | CW5: 0 | CX5: 0 | CY5: 0 | CZ5: 0 | DA5: 0 | DB5: 0 | DC5: 0 | DD5: 0 | DE5: 0 | DF5: 0 | DG5: 0 | DH5: 0 | DI5: 0 | DJ5: 0 | DK5: 0 | DL5: 0 | DM5: 0 | DN5: 0 | DO5: 0 | DP5: 0 | DQ5: 0 | DR5: 0 | DS5: 0 | DT5: 0 | DU5: 0 | DV5: 0 | DW5: 0 | DX5: 0 | DY5: 0 | DZ5: 0 | EA5: 0 | EB5: 0 | EC5: 0 | ED5: 0 | EE5: 0 | EF5: 0
A6: Sprint 1 | B6: US-01 Iniciar Sesion | C6: CA 01.3 | D6: si fallo el inicio 4 veces seguidas, se bloquea el nombre de usuario por 30 minutos. | E6: =SUM(G6:EF6) | F6: =IF(E6>0,1,0) | G6: 0 | H6: 0 | I6: 1 | J6: 0 | K6: 0 | L6: 0 | M6: 0 | N6: 0 | O6: 0 | P6: 0 | Q6: 0 | R6: 0 | S6: 0 | T6: 0 | U6: 0 | V6: 0 | W6: 0 | X6: 0 | Y6: 0 | Z6: 0 | AA6: 0 | AB6: 0 | AC6: 0 | AD6: 0 | AE6: 0 | AF6: 0 | AG6: 0 | AH6: 0 | AI6: 0 | AJ6: 0 | AK6: 0 | AL6: 0 | AM6: 0 | AN6: 0 | AO6: 0 | AP6: 0 | AQ6: 0 | AR6: 0 | AS6: 0 | AT6: 0 | AU6: 0 | AV6: 0 | AW6: 0 | AX6: 0 | AY6: 0 | AZ6: 0 | BA6: 0 | BB6: 0 | BC6: 0 | BD6: 0 | BE6: 0 | BF6: 0 | BG6: 0 | BH6: 0 | BI6: 0 | BJ6: 0 | BK6: 0 | BL6: 0 | BM6: 0 | BN6: 0 | BO6: 0 | BP6: 0 | BQ6: 0 | BR6: 0 | BS6: 0 | BT6: 0 | BU6: 0 | BV6: 0 | BW6: 0 | BX6: 0 | BY6: 0 | BZ6: 0 | CA6: 0 | CB6: 0 | CC6: 0 | CD6: 0 | CE6: 0 | CF6: 0 | CG6: 0 | CH6: 0 | CI6: 0 | CJ6: 0 | CK6: 0 | CL6: 0 | CM6: 0 | CN6: 0 | CO6: 0 | CP6: 0 | CQ6: 0 | CR6: 0 | CS6: 0 | CT6: 0 | CU6: 0 | CV6: 0 | CW6: 0 | CX6: 0 | CY6: 0 | CZ6: 0 | DA6: 0 | DB6: 0 | DC6: 0 | DD6: 0 | DE6: 0 | DF6: 0 | DG6: 0 | DH6: 0 | DI6: 0 | DJ6: 0 | DK6: 0 | DL6: 0 | DM6: 0 | DN6: 0 | DO6: 0 | DP6: 0 | DQ6: 0 | DR6: 0 | DS6: 0 | DT6: 0 | DU6: 0 | DV6: 0 | DW6: 0 | DX6: 0 | DY6: 0 | DZ6: 0 | EA6: 0 | EB6: 0 | EC6: 0 | ED6: 0 | EE6: 0 | EF6: 0
A7: Sprint 1 | B7: US-01 Iniciar Sesion | C7: CA 01.4 | D7: al ingresar correctamente, el usuario debe acceder a la plataforma | E7: =SUM(G7:EF7) | F7: =IF(E7>0,1,0) | G7: 0 | H7: 0 | I7: 0 | J7: 1 | K7: 0 | L7: 0 | M7: 0 | N7: 0 | O7: 0 | P7: 0 | Q7: 0 | R7: 0 | S7: 0 | T7: 0 | U7: 0 | V7: 0 | W7: 0 | X7: 0 | Y7: 0 | Z7: 0 | AA7: 0 | AB7: 0 | AC7: 0 | AD7: 0 | AE7: 0 | AF7: 0 | AG7: 0 | AH7: 0 | AI7: 0 | AJ7: 0 | AK7: 0 | AL7: 0 | AM7: 0 | AN7: 0 | AO7: 0 | AP7: 0 | AQ7: 0 | AR7: 0 | AS7: 0 | AT7: 0 | AU7: 0 | AV7: 0 | AW7: 0 | AX7: 0 | AY7: 0 | AZ7: 0 | BA7: 0 | BB7: 0 | BC7: 0 | BD7: 0 | BE7: 0 | BF7: 0 | BG7: 0 | BH7: 0 | BI7: 0 | BJ7: 0 | BK7: 0 | BL7: 0 | BM7: 0 | BN7: 0 | BO7: 0 | BP7: 0 | BQ7: 0 | BR7: 0 | BS7: 0 | BT7: 0 | BU7: 0 | BV7: 0 | BW7: 0 | BX7: 0 | BY7: 0 | BZ7: 0 | CA7: 0 | CB7: 0 | CC7: 0 | CD7: 0 | CE7: 0 | CF7: 0 | CG7: 0 | CH7: 0 | CI7: 0 | CJ7: 0 | CK7: 0 | CL7: 0 | CM7: 0 | CN7: 0 | CO7: 0 | CP7: 0 | CQ7: 0 | CR7: 0 | CS7: 0 | CT7: 0 | CU7: 0 | CV7: 0 | CW7: 0 | CX7: 0 | CY7: 0 | CZ7: 0 | DA7: 0 | DB7: 0 | DC7: 0 | DD7: 0 | DE7: 0 | DF7: 0 | DG7: 0 | DH7: 0 | DI7: 0 | DJ7: 0 | DK7: 0 | DL7: 0 | DM7: 0 | DN7: 0 | DO7: 0 | DP7: 0 | DQ7: 0 | DR7: 0 | DS7: 0 | DT7: 0 | DU7: 0 | DV7: 0 | DW7: 0 | DX7: 0 | DY7: 0 | DZ7: 0 | EA7: 0 | EB7: 0 | EC7: 0 | ED7: 0 | EE7: 0 | EF7: 0
A8: Sprint 1 | B8: US-02 Cerrar Sesion | C8: CA 02.1 | D8: Al seleccionar “Cerrar Sesion”, el sistema debe finalizar la sesión activa. | E8: =SUM(G8:EF8) | F8: =IF(E8>0,1,0) | G8: 0 | H8: 0 | I8: 0 | J8: 0 | K8: 1 | L8: 0 | M8: 0 | N8: 0 | O8: 0 | P8: 0 | Q8: 0 | R8: 0 | S8: 0 | T8: 0 | U8: 0 | V8: 0 | W8: 0 | X8: 0 | Y8: 0 | Z8: 0 | AA8: 0 | AB8: 0 | AC8: 0 | AD8: 0 | AE8: 0 | AF8: 0 | AG8: 0 | AH8: 0 | AI8: 0 | AJ8: 0 | AK8: 0 | AL8: 0 | AM8: 0 | AN8: 0 | AO8: 0 | AP8: 0 | AQ8: 0 | AR8: 0 | AS8: 0 | AT8: 0 | AU8: 0 | AV8: 0 | AW8: 0 | AX8: 0 | AY8: 0 | AZ8: 0 | BA8: 0 | BB8: 0 | BC8: 0 | BD8: 0 | BE8: 0 | BF8: 0 | BG8: 0 | BH8: 0 | BI8: 0 | BJ8: 0 | BK8: 0 | BL8: 0 | BM8: 0 | BN8: 0 | BO8: 0 | BP8: 0 | BQ8: 0 | BR8: 0 | BS8: 0 | BT8: 0 | BU8: 0 | BV8: 0 | BW8: 0 | BX8: 0 | BY8: 0 | BZ8: 0 | CA8: 0 | CB8: 0 | CC8: 0 | CD8: 0 | CE8: 0 | CF8: 0 | CG8: 0 | CH8: 0 | CI8: 0 | CJ8: 0 | CK8: 0 | CL8: 0 | CM8: 0 | CN8: 0 | CO8: 0 | CP8: 0 | CQ8: 0 | CR8: 0 | CS8: 0 | CT8: 0 | CU8: 0 | CV8: 0 | CW8: 0 | CX8: 0 | CY8: 0 | CZ8: 0 | DA8: 0 | DB8: 0 | DC8: 0 | DD8: 0 | DE8: 0 | DF8: 0 | DG8: 0 | DH8: 0 | DI8: 0 | DJ8: 0 | DK8: 0 | DL8: 0 | DM8: 0 | DN8: 0 | DO8: 0 | DP8: 0 | DQ8: 0 | DR8: 0 | DS8: 0 | DT8: 0 | DU8: 0 | DV8: 0 | DW8: 0 | DX8: 0 | DY8: 0 | DZ8: 0 | EA8: 0 | EB8: 0 | EC8: 0 | ED8: 0 | EE8: 0 | EF8: 0
A9: Sprint 1 | B9: US-02 Cerrar Sesion | C9: CA 02.2 | D9: El usuario debe ser redirigido a la pantalla de inicio de sesión. | E9: =SUM(G9:EF9) | F9: =IF(E9>0,1,0) | G9: 0 | H9: 0 | I9: 0 | J9: 0 | K9: 1 | L9: 0 | M9: 0 | N9: 0 | O9: 0 | P9: 0 | Q9: 0 | R9: 0 | S9: 0 | T9: 0 | U9: 0 | V9: 0 | W9: 0 | X9: 0 | Y9: 0 | Z9: 0 | AA9: 0 | AB9: 0 | AC9: 0 | AD9: 0 | AE9: 0 | AF9: 0 | AG9: 0 | AH9: 0 | AI9: 0 | AJ9: 0 | AK9: 0 | AL9: 0 | AM9: 0 | AN9: 0 | AO9: 0 | AP9: 0 | AQ9: 0 | AR9: 0 | AS9: 0 | AT9: 0 | AU9: 0 | AV9: 0 | AW9: 0 | AX9: 0 | AY9: 0 | AZ9: 0 | BA9: 0 | BB9: 0 | BC9: 0 | BD9: 0 | BE9: 0 | BF9: 0 | BG9: 0 | BH9: 0 | BI9: 0 | BJ9: 0 | BK9: 0 | BL9: 0 | BM9: 0 | BN9: 0 | BO9: 0 | BP9: 0 | BQ9: 0 | BR9: 0 | BS9: 0 | BT9: 0 | BU9: 0 | BV9: 0 | BW9: 0 | BX9: 0 | BY9: 0 | BZ9: 0 | CA9: 0 | CB9: 0 | CC9: 0 | CD9: 0 | CE9: 0 | CF9: 0 | CG9: 0 | CH9: 0 | CI9: 0 | CJ9: 0 | CK9: 0 | CL9: 0 | CM9: 0 | CN9: 0 | CO9: 0 | CP9: 0 | CQ9: 0 | CR9: 0 | CS9: 0 | CT9: 0 | CU9: 0 | CV9: 0 | CW9: 0 | CX9: 0 | CY9: 0 | CZ9: 0 | DA9: 0 | DB9: 0 | DC9: 0 | DD9: 0 | DE9: 0 | DF9: 0 | DG9: 0 | DH9: 0 | DI9: 0 | DJ9: 0 | DK9: 0 | DL9: 0 | DM9: 0 | DN9: 0 | DO9: 0 | DP9: 0 | DQ9: 0 | DR9: 0 | DS9: 0 | DT9: 0 | DU9: 0 | DV9: 0 | DW9: 0 | DX9: 0 | DY9: 0 | DZ9: 0 | EA9: 0 | EB9: 0 | EC9: 0 | ED9: 0 | EE9: 0 | EF9: 0
A10: Sprint 1 | B10: US-02 Cerrar Sesion | C10: CA 02.3 | D10: Una vez cerrada la sesión, no se debe permitir acceder nuevamente a las funcionalidades del sistema sin iniciar sesión. | E10: =SUM(G10:EF10) | F10: =IF(E10>0,1,0) | G10: 0 | H10: 0 | I10: 0 | J10: 0 | K10: 0 | L10: 1 | M10: 0 | N10: 0 | O10: 0 | P10: 0 | Q10: 0 | R10: 0 | S10: 0 | T10: 0 | U10: 0 | V10: 0 | W10: 0 | X10: 0 | Y10: 0 | Z10: 0 | AA10: 0 | AB10: 0 | AC10: 0 | AD10: 0 | AE10: 0 | AF10: 0 | AG10: 0 | AH10: 0 | AI10: 0 | AJ10: 0 | AK10: 0 | AL10: 0 | AM10: 0 | AN10: 0 | AO10: 0 | AP10: 0 | AQ10: 0 | AR10: 0 | AS10: 0 | AT10: 0 | AU10: 0 | AV10: 0 | AW10: 0 | AX10: 0 | AY10: 0 | AZ10: 0 | BA10: 0 | BB10: 0 | BC10: 0 | BD10: 0 | BE10: 0 | BF10: 0 | BG10: 0 | BH10: 0 | BI10: 0 | BJ10: 0 | BK10: 0 | BL10: 0 | BM10: 0 | BN10: 0 | BO10: 0 | BP10: 0 | BQ10: 0 | BR10: 0 | BS10: 0 | BT10: 0 | BU10: 0 | BV10: 0 | BW10: 0 | BX10: 0 | BY10: 0 | BZ10: 0 | CA10: 0 | CB10: 0 | CC10: 0 | CD10: 0 | CE10: 0 | CF10: 0 | CG10: 0 | CH10: 0 | CI10: 0 | CJ10: 0 | CK10: 0 | CL10: 0 | CM10: 0 | CN10: 0 | CO10: 0 | CP10: 0 | CQ10: 0 | CR10: 0 | CS10: 0 | CT10: 0 | CU10: 0 | CV10: 0 | CW10: 0 | CX10: 0 | CY10: 0 | CZ10: 0 | DA10: 0 | DB10: 0 | DC10: 0 | DD10: 0 | DE10: 0 | DF10: 0 | DG10: 0 | DH10: 0 | DI10: 0 | DJ10: 0 | DK10: 0 | DL10: 0 | DM10: 0 | DN10: 0 | DO10: 0 | DP10: 0 | DQ10: 0 | DR10: 0 | DS10: 0 | DT10: 0 | DU10: 0 | DV10: 0 | DW10: 0 | DX10: 0 | DY10: 0 | DZ10: 0 | EA10: 0 | EB10: 0 | EC10: 0 | ED10: 0 | EE10: 0 | EF10: 0
A11: Sprint 1 | B11: US-02 Cerrar Sesion | C11: CA 02.4 | D11: El sistema debe registrar el cierre de sesión en el historial de actividades. | E11: =SUM(G11:EF11) | F11: =IF(E11>0,1,0) | G11: 0 | H11: 0 | I11: 0 | J11: 0 | K11: 0 | L11: 0 | M11: 1 | N11: 0 | O11: 0 | P11: 0 | Q11: 0 | R11: 0 | S11: 0 | T11: 0 | U11: 0 | V11: 0 | W11: 0 | X11: 0 | Y11: 0 | Z11: 0 | AA11: 0 | AB11: 0 | AC11: 0 | AD11: 0 | AE11: 0 | AF11: 0 | AG11: 0 | AH11: 0 | AI11: 0 | AJ11: 0 | AK11: 0 | AL11: 0 | AM11: 0 | AN11: 0 | AO11: 0 | AP11: 0 | AQ11: 0 | AR11: 0 | AS11: 0 | AT11: 0 | AU11: 0 | AV11: 0 | AW11: 0 | AX11: 0 | AY11: 0 | AZ11: 0 | BA11: 0 | BB11: 0 | BC11: 0 | BD11: 0 | BE11: 0 | BF11: 0 | BG11: 0 | BH11: 0 | BI11: 0 | BJ11: 0 | BK11: 0 | BL11: 0 | BM11: 0 | BN11: 0 | BO11: 0 | BP11: 0 | BQ11: 0 | BR11: 0 | BS11: 0 | BT11: 0 | BU11: 0 | BV11: 0 | BW11: 0 | BX11: 0 | BY11: 0 | BZ11: 0 | CA11: 0 | CB11: 0 | CC11: 0 | CD11: 0 | CE11: 0 | CF11: 0 | CG11: 0 | CH11: 0 | CI11: 0 | CJ11: 0 | CK11: 0 | CL11: 0 | CM11: 0 | CN11: 0 | CO11: 0 | CP11: 0 | CQ11: 0 | CR11: 0 | CS11: 0 | CT11: 0 | CU11: 0 | CV11: 0 | CW11: 0 | CX11: 0 | CY11: 0 | CZ11: 0 | DA11: 0 | DB11: 0 | DC11: 0 | DD11: 0 | DE11: 0 | DF11: 0 | DG11: 0 | DH11: 0 | DI11: 0 | DJ11: 0 | DK11: 0 | DL11: 0 | DM11: 0 | DN11: 0 | DO11: 0 | DP11: 0 | DQ11: 0 | DR11: 0 | DS11: 0 | DT11: 0 | DU11: 0 | DV11: 0 | DW11: 0 | DX11: 0 | DY11: 0 | DZ11: 0 | EA11: 0 | EB11: 0 | EC11: 0 | ED11: 0 | EE11: 0 | EF11: 0
A12: Sprint 1 | B12: US-03 Gestionar usuarios | C12: CA 03.1 | D12: se debe poder agregar un usuario usando un correo válido | E12: =SUM(G12:EF12) | F12: =IF(E12>0,1,0) | G12: 0 | H12: 0 | I12: 0 | J12: 0 | K12: 0 | L12: 0 | M12: 0 | N12: 1 | O12: 0 | P12: 0 | Q12: 0 | R12: 0 | S12: 0 | T12: 0 | U12: 0 | V12: 0 | W12: 0 | X12: 0 | Y12: 0 | Z12: 0 | AA12: 0 | AB12: 0 | AC12: 0 | AD12: 0 | AE12: 0 | AF12: 0 | AG12: 0 | AH12: 0 | AI12: 0 | AJ12: 0 | AK12: 0 | AL12: 0 | AM12: 0 | AN12: 0 | AO12: 0 | AP12: 0 | AQ12: 0 | AR12: 0 | AS12: 0 | AT12: 0 | AU12: 0 | AV12: 0 | AW12: 0 | AX12: 0 | AY12: 0 | AZ12: 0 | BA12: 0 | BB12: 0 | BC12: 0 | BD12: 0 | BE12: 0 | BF12: 0 | BG12: 0 | BH12: 0 | BI12: 0 | BJ12: 0 | BK12: 0 | BL12: 0 | BM12: 0 | BN12: 0 | BO12: 0 | BP12: 0 | BQ12: 0 | BR12: 0 | BS12: 0 | BT12: 0 | BU12: 0 | BV12: 0 | BW12: 0 | BX12: 0 | BY12: 0 | BZ12: 0 | CA12: 0 | CB12: 0 | CC12: 0 | CD12: 0 | CE12: 0 | CF12: 0 | CG12: 0 | CH12: 0 | CI12: 0 | CJ12: 0 | CK12: 0 | CL12: 0 | CM12: 0 | CN12: 0 | CO12: 0 | CP12: 0 | CQ12: 0 | CR12: 0 | CS12: 0 | CT12: 0 | CU12: 0 | CV12: 0 | CW12: 0 | CX12: 0 | CY12: 0 | CZ12: 0 | DA12: 0 | DB12: 0 | DC12: 0 | DD12: 0 | DE12: 0 | DF12: 0 | DG12: 0 | DH12: 0 | DI12: 0 | DJ12: 0 | DK12: 0 | DL12: 0 | DM12: 0 | DN12: 0 | DO12: 0 | DP12: 0 | DQ12: 0 | DR12: 0 | DS12: 0 | DT12: 0 | DU12: 0 | DV12: 0 | DW12: 0 | DX12: 0 | DY12: 0 | DZ12: 0 | EA12: 0 | EB12: 0 | EC12: 0 | ED12: 0 | EE12: 0 | EF12: 0
A13: Sprint 1 | B13: US-03 Gestionar usuarios | C13: CA 03.2 | D13: se debe poder cambiar la información permitida de un usuario | E13: =SUM(G13:EF13) | F13: =IF(E13>0,1,0) | G13: 0 | H13: 0 | I13: 0 | J13: 0 | K13: 0 | L13: 0 | M13: 0 | N13: 0 | O13: 1 | P13: 0 | Q13: 0 | R13: 0 | S13: 0 | T13: 0 | U13: 0 | V13: 0 | W13: 0 | X13: 0 | Y13: 0 | Z13: 0 | AA13: 0 | AB13: 0 | AC13: 0 | AD13: 0 | AE13: 0 | AF13: 0 | AG13: 0 | AH13: 0 | AI13: 0 | AJ13: 0 | AK13: 0 | AL13: 0 | AM13: 0 | AN13: 0 | AO13: 0 | AP13: 0 | AQ13: 0 | AR13: 0 | AS13: 0 | AT13: 0 | AU13: 0 | AV13: 0 | AW13: 0 | AX13: 0 | AY13: 0 | AZ13: 0 | BA13: 0 | BB13: 0 | BC13: 0 | BD13: 0 | BE13: 0 | BF13: 0 | BG13: 0 | BH13: 0 | BI13: 0 | BJ13: 0 | BK13: 0 | BL13: 0 | BM13: 0 | BN13: 0 | BO13: 0 | BP13: 0 | BQ13: 0 | BR13: 0 | BS13: 0 | BT13: 0 | BU13: 0 | BV13: 0 | BW13: 0 | BX13: 0 | BY13: 0 | BZ13: 0 | CA13: 0 | CB13: 0 | CC13: 0 | CD13: 0 | CE13: 0 | CF13: 0 | CG13: 0 | CH13: 0 | CI13: 0 | CJ13: 0 | CK13: 0 | CL13: 0 | CM13: 0 | CN13: 0 | CO13: 0 | CP13: 0 | CQ13: 0 | CR13: 0 | CS13: 0 | CT13: 0 | CU13: 0 | CV13: 0 | CW13: 0 | CX13: 0 | CY13: 0 | CZ13: 0 | DA13: 0 | DB13: 0 | DC13: 0 | DD13: 0 | DE13: 0 | DF13: 0 | DG13: 0 | DH13: 0 | DI13: 0 | DJ13: 0 | DK13: 0 | DL13: 0 | DM13: 0 | DN13: 0 | DO13: 0 | DP13: 0 | DQ13: 0 | DR13: 0 | DS13: 0 | DT13: 0 | DU13: 0 | DV13: 0 | DW13: 0 | DX13: 0 | DY13: 0 | DZ13: 0 | EA13: 0 | EB13: 0 | EC13: 0 | ED13: 0 | EE13: 0 | EF13: 0
A14: Sprint 1 | B14: US-03 Gestionar usuarios | C14: CA 03.3 | D14: se debe poder desactivar un usuario sin borrar su historial | E14: =SUM(G14:EF14) | F14: =IF(E14>0,1,0) | G14: 0 | H14: 0 | I14: 0 | J14: 0 | K14: 0 | L14: 0 | M14: 0 | N14: 0 | O14: 0 | P14: 1 | Q14: 0 | R14: 0 | S14: 0 | T14: 0 | U14: 0 | V14: 0 | W14: 0 | X14: 0 | Y14: 0 | Z14: 0 | AA14: 0 | AB14: 0 | AC14: 0 | AD14: 0 | AE14: 0 | AF14: 0 | AG14: 0 | AH14: 0 | AI14: 0 | AJ14: 0 | AK14: 0 | AL14: 0 | AM14: 0 | AN14: 0 | AO14: 0 | AP14: 0 | AQ14: 0 | AR14: 0 | AS14: 0 | AT14: 0 | AU14: 0 | AV14: 0 | AW14: 0 | AX14: 0 | AY14: 0 | AZ14: 0 | BA14: 0 | BB14: 0 | BC14: 0 | BD14: 0 | BE14: 0 | BF14: 0 | BG14: 0 | BH14: 0 | BI14: 0 | BJ14: 0 | BK14: 0 | BL14: 0 | BM14: 0 | BN14: 0 | BO14: 0 | BP14: 0 | BQ14: 0 | BR14: 0 | BS14: 0 | BT14: 0 | BU14: 0 | BV14: 0 | BW14: 0 | BX14: 0 | BY14: 0 | BZ14: 0 | CA14: 0 | CB14: 0 | CC14: 0 | CD14: 0 | CE14: 0 | CF14: 0 | CG14: 0 | CH14: 0 | CI14: 0 | CJ14: 0 | CK14: 0 | CL14: 0 | CM14: 0 | CN14: 0 | CO14: 0 | CP14: 0 | CQ14: 0 | CR14: 0 | CS14: 0 | CT14: 0 | CU14: 0 | CV14: 0 | CW14: 0 | CX14: 0 | CY14: 0 | CZ14: 0 | DA14: 0 | DB14: 0 | DC14: 0 | DD14: 0 | DE14: 0 | DF14: 0 | DG14: 0 | DH14: 0 | DI14: 0 | DJ14: 0 | DK14: 0 | DL14: 0 | DM14: 0 | DN14: 0 | DO14: 0 | DP14: 0 | DQ14: 0 | DR14: 0 | DS14: 0 | DT14: 0 | DU14: 0 | DV14: 0 | DW14: 0 | DX14: 0 | DY14: 0 | DZ14: 0 | EA14: 0 | EB14: 0 | EC14: 0 | ED14: 0 | EE14: 0 | EF14: 0
A15: Sprint 1 | B15: US-03 Gestionar usuarios | C15: CA 03.4 | D15: no se deben permitir dos usuarios con el mismo correo | E15: =SUM(G15:EF15) | F15: =IF(E15>0,1,0) | G15: 0 | H15: 0 | I15: 0 | J15: 0 | K15: 0 | L15: 0 | M15: 0 | N15: 0 | O15: 0 | P15: 0 | Q15: 1 | R15: 0 | S15: 0 | T15: 0 | U15: 0 | V15: 0 | W15: 0 | X15: 0 | Y15: 0 | Z15: 0 | AA15: 0 | AB15: 0 | AC15: 0 | AD15: 0 | AE15: 0 | AF15: 0 | AG15: 0 | AH15: 0 | AI15: 0 | AJ15: 0 | AK15: 0 | AL15: 0 | AM15: 0 | AN15: 0 | AO15: 0 | AP15: 0 | AQ15: 0 | AR15: 0 | AS15: 0 | AT15: 0 | AU15: 0 | AV15: 0 | AW15: 0 | AX15: 0 | AY15: 0 | AZ15: 0 | BA15: 0 | BB15: 0 | BC15: 0 | BD15: 0 | BE15: 0 | BF15: 0 | BG15: 0 | BH15: 0 | BI15: 0 | BJ15: 0 | BK15: 0 | BL15: 0 | BM15: 0 | BN15: 0 | BO15: 0 | BP15: 0 | BQ15: 0 | BR15: 0 | BS15: 0 | BT15: 0 | BU15: 0 | BV15: 0 | BW15: 0 | BX15: 0 | BY15: 0 | BZ15: 0 | CA15: 0 | CB15: 0 | CC15: 0 | CD15: 0 | CE15: 0 | CF15: 0 | CG15: 0 | CH15: 0 | CI15: 0 | CJ15: 0 | CK15: 0 | CL15: 0 | CM15: 0 | CN15: 0 | CO15: 0 | CP15: 0 | CQ15: 0 | CR15: 0 | CS15: 0 | CT15: 0 | CU15: 0 | CV15: 0 | CW15: 0 | CX15: 0 | CY15: 0 | CZ15: 0 | DA15: 0 | DB15: 0 | DC15: 0 | DD15: 0 | DE15: 0 | DF15: 0 | DG15: 0 | DH15: 0 | DI15: 0 | DJ15: 0 | DK15: 0 | DL15: 0 | DM15: 0 | DN15: 0 | DO15: 0 | DP15: 0 | DQ15: 0 | DR15: 0 | DS15: 0 | DT15: 0 | DU15: 0 | DV15: 0 | DW15: 0 | DX15: 0 | DY15: 0 | DZ15: 0 | EA15: 0 | EB15: 0 | EC15: 0 | ED15: 0 | EE15: 0 | EF15: 0
... A196: Sprint 3 | B196: US-36 Notificaciones diferenciadas por rol y evento | C196: CA 10.4 | D196: cada notificación debe incluir enlace directo para abrir el trámite en pantalla | E196: =SUM(G196:EF196) | F196: =IF(E196>0,1,0) | G196: 0 | H196: 0 | I196: 0 | J196: 0 | K196: 0 | L196: 0 | M196: 0 | N196: 0 | O196: 0 | P196: 0 | Q196: 0 | R196: 0 | S196: 0 | T196: 0 | U196: 0 | V196: 0 | W196: 0 | X196: 0 | Y196: 0 | Z196: 0 | AA196: 0 | AB196: 0 | AC196: 0 | AD196: 0 | AE196: 0 | AF196: 0 | AG196: 0 | AH196: 0 | AI196: 0 | AJ196: 0 | AK196: 0 | AL196: 0 | AM196: 0 | AN196: 0 | AO196: 0 | AP196: 0 | AQ196: 0 | AR196: 0 | AS196: 0 | AT196: 0 | AU196: 0 | AV196: 0 | AW196: 0 | AX196: 0 | AY196: 0 | AZ196: 0 | BA196: 0 | BB196: 0 | BC196: 0 | BD196: 0 | BE196: 0 | BF196: 0 | BG196: 0 | BH196: 0 | BI196: 0 | BJ196: 0 | BK196: 0 | BL196: 0 | BM196: 0 | BN196: 0 | BO196: 0 | BP196: 0 | BQ196: 0 | BR196: 0 | BS196: 0 | BT196: 0 | BU196: 0 | BV196: 0 | BW196: 0 | BX196: 0 | BY196: 0 | BZ196: 0 | CA196: 0 | CB196: 0 | CC196: 0 | CD196: 0 | CE196: 0 | CF196: 0 | CG196: 0 | CH196: 0 | CI196: 0 | CJ196: 0 | CK196: 0 | CL196: 0 | CM196: 0 | CN196: 0 | CO196: 0 | CP196: 0 | CQ196: 0 | CR196: 0 | CS196: 0 | CT196: 0 | CU196: 0 | CV196: 0 | CW196: 0 | CX196: 0 | CY196: 0 | CZ196: 0 | DA196: 0 | DB196: 0 | DC196: 0 | DD196: 0 | DE196: 0 | DF196: 0 | DG196: 0 | DH196: 0 | DI196: 0 | DJ196: 0 | DK196: 0 | DL196: 0 | DM196: 0 | DN196: 0 | DO196: 0 | DP196: 0 | DQ196: 0 | DR196: 0 | DS196: 0 | DT196: 0 | DU196: 0 | DV196: 0 | DW196: 0 | DX196: 0 | DY196: 0 | DZ196: 0 | EA196: 0 | EB196: 0 | EC196: 0 | ED196: 0 | EE196: 0 | EF196: 0
D197: N° criterios que verifica cada caso → | G197: =SUM(G4:G196) | H197: =SUM(H4:H196) | I197: =SUM(I4:I196) | J197: =SUM(J4:J196) | K197: =SUM(K4:K196) | L197: =SUM(L4:L196) | M197: =SUM(M4:M196) | N197: =SUM(N4:N196) | ... EF197: =SUM(EF4:EF196)
